{
  "model_key": "qwen3-8b",
  "model_path": "/mnt/cpfs/public_data/public_model/Qwen3/Qwen3-8B",
  "dataset": "tulu3-sft",
  "method": "cola",
  "gate_sign": null,
  "total_steps": 100,
  "merge_every": 50,
  "final_val_loss": 1.353761545419693,
  "first_eval_val_loss": 1.3920238616466523,
  "best_val_loss": 1.3527528278827667,
  "best_step": 100,
  "final_mean_effective_rank": 1926.522552499032,
  "final_mean_condition_number": 121963.78951228186,
  "sampled_layers": 8,
  "elapsed_sec": 1325.4731471538544,
  "wall_clock_start": 1779116216.9941466,
  "wall_clock_end": 1779117622.157704,
  "commit_hash": "e0621e1f347a98d421630426e26b710251f09bda",
  "cumulative_merged_total": 8064,
  "cumulative_dropped_total": 0,
  "n_trainable_M": 43.646976,
  "n_lora_components": 4032,
  "aborted": false
}