{
  "model_key": "qwen25-7b",
  "model_path": "/mnt/cpfs/public_data/public_model/Qwen2.5/Qwen2.5-7B-Instruct",
  "dataset": "metamathqa-10k",
  "method": "relora_train_gated",
  "gate_sign": "S2train_pos_drops",
  "total_steps": 3000,
  "merge_every": 500,
  "final_val_loss": 0.23718492370843888,
  "first_eval_val_loss": 0.13493760251998901,
  "best_val_loss": 0.13493760251998901,
  "best_step": 250,
  "final_mean_effective_rank": 1457.2035667002624,
  "final_mean_condition_number": 180788.61922978985,
  "sampled_layers": 8,
  "elapsed_sec": 9864.969047784805,
  "wall_clock_start": 1778991774.5579,
  "wall_clock_end": 1779001684.5268667,
  "commit_hash": "528c54f3c6e188a1add113f188e43d3fbf72dbee",
  "cumulative_merged_total": 7564,
  "cumulative_dropped_total": 4980,
  "n_trainable_M": 40.370176,
  "n_lora_components": 3136,
  "aborted": true
}