{
  "model_key": "qwen35-4b",
  "model_path": "/mnt/cpfs/junlongke/onlinelora/models/qwen35-4b",
  "dataset": "tulu3-sft",
  "method": "lora_vanilla",
  "gate_sign": null,
  "total_steps": 3000,
  "merge_every": 9999,
  "final_val_loss": 1.9836293601989745,
  "first_eval_val_loss": 1.3971016880273819,
  "best_val_loss": 1.3964081859588624,
  "best_step": 500,
  "final_mean_effective_rank": 2354.718251897112,
  "final_mean_condition_number": 31.122330603264423,
  "sampled_layers": 8,
  "elapsed_sec": 65172.55365014076,
  "wall_clock_start": 1779426375.6970825,
  "wall_clock_end": 1779491626.8681953,
  "commit_hash": "04d00874380ee1a0370f524e9cd5ba1979311f27",
  "cumulative_merged_total": 0,
  "cumulative_dropped_total": 0,
  "n_trainable_M": 21.233664,
  "n_lora_components": 2048,
  "aborted": false
}