{
  "model_key": "qwen3-8b",
  "model_path": "/mnt/cpfs/public_data/public_model/Qwen3/Qwen3-8B",
  "dataset": "tulu3-sft",
  "method": "relora_random_drop",
  "gate_sign": "random",
  "total_steps": 300,
  "merge_every": 50,
  "final_val_loss": 1.33778386759758,
  "first_eval_val_loss": 1.3418514628410338,
  "best_val_loss": 1.3418514628410338,
  "best_step": 200,
  "final_mean_effective_rank": 1926.5315046007404,
  "final_mean_condition_number": 242308.69366034376,
  "sampled_layers": 8,
  "elapsed_sec": 8420.083096265793,
  "wall_clock_start": 1779836173.1720352,
  "wall_clock_end": 1779844766.7310412,
  "commit_hash": "54c9b07cb3e9caf52c26c8937ed1d60c69714ea3",
  "cumulative_merged_total": 12103,
  "cumulative_dropped_total": 12089,
  "n_trainable_M": 43.646976,
  "n_lora_components": 4032,
  "aborted": false
}