{
  "model_key": "qwen3-8b",
  "model_path": "/mnt/cpfs/public_data/public_model/Qwen3/Qwen3-8B",
  "dataset": "tulu3-sft",
  "method": "relora_random_drop",
  "gate_sign": "random",
  "total_steps": 3000,
  "merge_every": 750,
  "final_val_loss": 1.5458515222072602,
  "first_eval_val_loss": 1.314781299829483,
  "best_val_loss": 1.311154300928116,
  "best_step": 500,
  "final_mean_effective_rank": 1926.7924594403962,
  "final_mean_condition_number": 185813.45816105956,
  "sampled_layers": 8,
  "elapsed_sec": 34176.37083387375,
  "wall_clock_start": 1779869628.4892635,
  "wall_clock_end": 1779903884.475584,
  "commit_hash": "f960448f356f11b79865bf3e846627b1efdc3752",
  "cumulative_merged_total": 11335,
  "cumulative_dropped_total": 4793,
  "n_trainable_M": 43.646976,
  "n_lora_components": 4032,
  "aborted": false
}