{
  "model_key": "qwen25-7b",
  "model_path": "/mnt/cpfs/public_data/public_model/Qwen2.5/Qwen2.5-7B-Instruct",
  "dataset": "metamathqa-10k",
  "method": "lora_vanilla",
  "gate_sign": null,
  "total_steps": 3000,
  "merge_every": 500,
  "final_val_loss": 0.44206886529922484,
  "first_eval_val_loss": 0.13499287155270576,
  "best_val_loss": 0.13499287155270576,
  "best_step": 250,
  "final_mean_effective_rank": 1457.0560346684501,
  "final_mean_condition_number": 120414.96266653707,
  "sampled_layers": 8,
  "elapsed_sec": 14552.278608322144,
  "wall_clock_start": 1778830239.4072635,
  "wall_clock_end": 1778844837.0179029,
  "commit_hash": "a6bbaf8cf6365563f6fa2d32a19ffca6d9c5bd5d",
  "cumulative_merged_total": 0,
  "cumulative_dropped_total": 0,
  "n_trainable_M": 40.370176,
  "n_lora_components": 3136,
  "aborted": false
}