{
  "model_key": "mistral-7b",
  "model_path": "/mnt/cpfs/public_data/public_model/Mistral/Mistral-7B-v0.3",
  "dataset": "metamathqa-10k",
  "method": "lora_vanilla",
  "gate_sign": null,
  "total_steps": 3000,
  "merge_every": 500,
  "final_val_loss": 0.4829063836336136,
  "first_eval_val_loss": 0.21345936769247056,
  "best_val_loss": 0.2116134497523308,
  "best_step": 500,
  "final_mean_effective_rank": 1442.0047403947187,
  "final_mean_condition_number": 49813215.639696516,
  "sampled_layers": 8,
  "elapsed_sec": 16324.436820268631,
  "wall_clock_start": 1778830357.1594641,
  "wall_clock_end": 1778846739.9553268,
  "commit_hash": "a6bbaf8cf6365563f6fa2d32a19ffca6d9c5bd5d",
  "cumulative_merged_total": 0,
  "cumulative_dropped_total": 0,
  "n_trainable_M": 41.94304,
  "n_lora_components": 3584,
  "aborted": false
}