{
  "model_key": "olmo2-7b",
  "model_path": "/mnt/cpfs/junlongke/onlinelora/models/OLMo-2-7B",
  "dataset": "tulu3-sft",
  "method": "relora_baseline",
  "gate_sign": null,
  "total_steps": 3000,
  "merge_every": 500,
  "final_val_loss": 1.2538872697353363,
  "first_eval_val_loss": 0.8496271792650223,
  "best_val_loss": 0.8496271792650223,
  "best_step": 250,
  "final_mean_effective_rank": 2339.022696646697,
  "final_mean_condition_number": 48251124.991336025,
  "sampled_layers": 8,
  "elapsed_sec": 33268.58063340187,
  "wall_clock_start": 1779141408.0696208,
  "wall_clock_end": 1779174792.494769,
  "commit_hash": "509fa1d3e85b6c67982439b460c06679a2e9ac55",
  "cumulative_merged_total": 21504,
  "cumulative_dropped_total": 0,
  "n_trainable_M": 39.97696,
  "n_lora_components": 3584,
  "aborted": false
}