{
  "model_key": "r1-distill-7b",
  "model_path": "/mnt/cpfs/junlongke/onlinelora/models/R1-Distill-Qwen-7B",
  "dataset": "metamathqa-10k",
  "method": "relora_diag_gated_S3pos",
  "gate_sign": "S3pos_drops",
  "total_steps": 3000,
  "merge_every": 500,
  "final_val_loss": 0.17647471791505814,
  "first_eval_val_loss": 0.1722910908460617,
  "best_val_loss": 0.16732999110221863,
  "best_step": 500,
  "final_mean_effective_rank": 1465.06212358814,
  "final_mean_condition_number": 277012.1314685767,
  "sampled_layers": 8,
  "elapsed_sec": 14924.622985839844,
  "wall_clock_start": 1779220127.8463323,
  "wall_clock_end": 1779235097.528956,
  "commit_hash": "b7d07dc9f86be02663555d135e3be0d57805dc43",
  "cumulative_merged_total": 5262,
  "cumulative_dropped_total": 13554,
  "n_trainable_M": 40.370176,
  "n_lora_components": 3136,
  "aborted": false
}