{
  "model_key": "olmo2-7b",
  "model_path": "/mnt/cpfs/junlongke/onlinelora/models/OLMo-2-7B",
  "dataset": "tulu3-sft",
  "method": "lora_vanilla",
  "gate_sign": null,
  "total_steps": 3000,
  "merge_every": 9999,
  "final_val_loss": 1.3729105841517448,
  "first_eval_val_loss": 0.849302729845047,
  "best_val_loss": 0.849302729845047,
  "best_step": 250,
  "final_mean_effective_rank": 2336.6139457511654,
  "final_mean_condition_number": 74878713.22387506,
  "sampled_layers": 8,
  "elapsed_sec": 32840.62267136574,
  "wall_clock_start": 1779141250.456323,
  "wall_clock_end": 1779174207.3222182,
  "commit_hash": "509fa1d3e85b6c67982439b460c06679a2e9ac55",
  "cumulative_merged_total": 0,
  "cumulative_dropped_total": 0,
  "n_trainable_M": 39.97696,
  "n_lora_components": 3584,
  "aborted": false
}