{
  "model_key": "qwen35-9b",
  "model_path": "/mnt/cpfs/junlongke/onlinelora/models/qwen35-9b",
  "dataset": "tulu3-sft",
  "method": "lora_vanilla",
  "gate_sign": null,
  "total_steps": 3000,
  "merge_every": 9999,
  "final_val_loss": 1.8421491684913636,
  "first_eval_val_loss": 1.3038458933830261,
  "best_val_loss": 1.3025131249427795,
  "best_step": 500,
  "final_mean_effective_rank": 3688.0096025995044,
  "final_mean_condition_number": 39.03856831739239,
  "sampled_layers": 8,
  "elapsed_sec": 69241.42117977142,
  "wall_clock_start": 1779499168.561744,
  "wall_clock_end": 1779568539.4741695,
  "commit_hash": "b8da94cab8f8b05cfc6379ef37ea4a0fc754a0c2",
  "cumulative_merged_total": 0,
  "cumulative_dropped_total": 0,
  "n_trainable_M": 29.097984,
  "n_lora_components": 2048,
  "aborted": false
}