{
  "model_key": "r1-distill-7b",
  "model_path": "/mnt/cpfs/junlongke/onlinelora/models/R1-Distill-Qwen-7B",
  "dataset": "metamathqa-10k",
  "method": "relora_baseline",
  "gate_sign": null,
  "total_steps": 3000,
  "merge_every": 500,
  "final_val_loss": 0.3136034346818924,
  "first_eval_val_loss": 0.17242370611429214,
  "best_val_loss": 0.1677649877667427,
  "best_step": 500,
  "final_mean_effective_rank": 1465.258279904137,
  "final_mean_condition_number": 40036.49883615354,
  "sampled_layers": 8,
  "elapsed_sec": 9924.534723043442,
  "wall_clock_start": 1779219517.5087202,
  "wall_clock_end": 1779229490.478784,
  "commit_hash": "b7d07dc9f86be02663555d135e3be0d57805dc43",
  "cumulative_merged_total": 12544,
  "cumulative_dropped_total": 0,
  "n_trainable_M": 40.370176,
  "n_lora_components": 3136,
  "aborted": true
}