{
  "task": "mrpc",
  "elapsed_sec": 845.0120520591736,
  "checkpoints": [
    {
      "step": 400,
      "S1_mag_rho_vs_delta": 0.006476683937823835,
      "S1_mag_rho_vs_abs_delta": 0.33205382090443,
      "S2_fo_tr_rho_vs_delta": -0.36009854054200696,
      "S2_fo_tr_rho_vs_abs_delta": 0.6475039334834387,
      "S3_fo_val_rho_vs_delta": -0.4658973767734585,
      "S3_fo_val_rho_vs_abs_delta": 0.6782834413910969,
      "S4_fisher_tr_rho_vs_delta": -0.24514757344763047,
      "S4_fisher_tr_rho_vs_abs_delta": 0.7640299894202861,
      "S5_fisher_val_rho_vs_delta": -0.27220383582453955,
      "S5_fisher_val_rho_vs_abs_delta": 0.7700404199332664,
      "S5_fisher_val_kfold_rho_vs_delta": -0.2767290372460191,
      "S5_fisher_val_kfold_rho_vs_abs_delta": 0.7763984211811303,
      "S3_fo_val_signed_neg_auc_harmful": 0.2009479717813051,
      "n_harmful": 108,
      "n_total": 192,
      "harmful_rate": 0.5625,
      "baseline_test_loss": 0.327699676156044,
      "baseline_test_acc": 0.8651960784313726
    },
    {
      "step": 800,
      "S1_mag_rho_vs_delta": -0.14439614247348292,
      "S1_mag_rho_vs_abs_delta": 0.2657491929577083,
      "S2_fo_tr_rho_vs_delta": 0.2933412229064374,
      "S2_fo_tr_rho_vs_abs_delta": 0.25355708976480484,
      "S3_fo_val_rho_vs_delta": -0.5260118547052601,
      "S3_fo_val_rho_vs_abs_delta": 0.6705707620106884,
      "S4_fisher_tr_rho_vs_delta": -0.22457647234354233,
      "S4_fisher_tr_rho_vs_abs_delta": 0.6821762336217889,
      "S5_fisher_val_rho_vs_delta": -0.34112626481838165,
      "S5_fisher_val_rho_vs_abs_delta": 0.7133796082793045,
      "S5_fisher_val_kfold_rho_vs_delta": -0.3154789355179991,
      "S5_fisher_val_kfold_rho_vs_abs_delta": 0.7072759270813553,
      "S3_fo_val_signed_neg_auc_harmful": 0.08957845433255268,
      "n_harmful": 122,
      "n_total": 192,
      "harmful_rate": 0.6354166666666666,
      "baseline_test_loss": 0.32310446176458807,
      "baseline_test_acc": 0.8700980392156863
    },
    {
      "step": 1200,
      "S1_mag_rho_vs_delta": -0.1882205734747579,
      "S1_mag_rho_vs_abs_delta": 0.24186006293573506,
      "S2_fo_tr_rho_vs_delta": -0.08161469495157748,
      "S2_fo_tr_rho_vs_abs_delta": 0.261291810216206,
      "S3_fo_val_rho_vs_delta": -0.7188491848194667,
      "S3_fo_val_rho_vs_abs_delta": 0.758241665084231,
      "S4_fisher_tr_rho_vs_delta": -0.4267812576296015,
      "S4_fisher_tr_rho_vs_abs_delta": 0.5815112714646123,
      "S5_fisher_val_rho_vs_delta": -0.5171157393592491,
      "S5_fisher_val_rho_vs_abs_delta": 0.6549012560019533,
      "S5_fisher_val_kfold_rho_vs_delta": -0.5259728589642733,
      "S5_fisher_val_kfold_rho_vs_abs_delta": 0.6604589968260858,
      "S3_fo_val_signed_neg_auc_harmful": 0.22573710073710074,
      "n_harmful": 148,
      "n_total": 192,
      "harmful_rate": 0.7708333333333334,
      "baseline_test_loss": 0.34687983726753907,
      "baseline_test_acc": 0.8602941176470589
    },
    {
      "step": 1600,
      "S1_mag_rho_vs_delta": -0.0918875295011258,
      "S1_mag_rho_vs_abs_delta": 0.06176077638824839,
      "S2_fo_tr_rho_vs_delta": -0.45430716436535284,
      "S2_fo_tr_rho_vs_abs_delta": 0.4684490546076012,
      "S3_fo_val_rho_vs_delta": -0.7785838781433959,
      "S3_fo_val_rho_vs_abs_delta": 0.7353952472669072,
      "S4_fisher_tr_rho_vs_delta": -0.45186060548517487,
      "S4_fisher_tr_rho_vs_abs_delta": 0.5258355261373193,
      "S5_fisher_val_rho_vs_delta": -0.5029874128529963,
      "S5_fisher_val_rho_vs_abs_delta": 0.5682764560670592,
      "S5_fisher_val_kfold_rho_vs_delta": -0.5111493909882538,
      "S5_fisher_val_kfold_rho_vs_abs_delta": 0.5796479532322384,
      "S3_fo_val_signed_neg_auc_harmful": 0.10149447693307347,
      "n_harmful": 135,
      "n_total": 192,
      "harmful_rate": 0.703125,
      "baseline_test_loss": 0.4056214798314899,
      "baseline_test_acc": 0.8700980392156863
    },
    {
      "step": 2000,
      "S1_mag_rho_vs_delta": 0.0773387271790142,
      "S1_mag_rho_vs_abs_delta": 0.023906084691967557,
      "S2_fo_tr_rho_vs_delta": -0.01489298212299596,
      "S2_fo_tr_rho_vs_abs_delta": 0.29280715080161684,
      "S3_fo_val_rho_vs_delta": -0.5716894311369125,
      "S3_fo_val_rho_vs_abs_delta": 0.6584159590917723,
      "S4_fisher_tr_rho_vs_delta": -0.18397003770718606,
      "S4_fisher_tr_rho_vs_abs_delta": 0.43230000271274727,
      "S5_fisher_val_rho_vs_delta": -0.26103749016629146,
      "S5_fisher_val_rho_vs_abs_delta": 0.5442618614871281,
      "S5_fisher_val_kfold_rho_vs_delta": -0.21011244337140225,
      "S5_fisher_val_kfold_rho_vs_abs_delta": 0.4592850554756803,
      "S3_fo_val_signed_neg_auc_harmful": 0.21298961331497934,
      "n_harmful": 131,
      "n_total": 192,
      "harmful_rate": 0.6822916666666666,
      "baseline_test_loss": 0.4586416591031879,
      "baseline_test_acc": 0.8676470588235294
    }
  ],
  "n_components": 192,
  "n_lora_layers": 24
}