{
  "model_key": "qwen3-8b",
  "model_path": "/mnt/cpfs/public_data/public_model/Qwen3/Qwen3-8B",
  "dataset": "tulu3-sft",
  "method": "relora_diag_gated_S3pos",
  "gate_sign": "S3pos_drops",
  "total_steps": 3000,
  "merge_every": 500,
  "final_val_loss": 1.3103583294153214,
  "first_eval_val_loss": 1.3138310903310775,
  "best_val_loss": 1.3080272463560105,
  "best_step": 2000,
  "final_mean_effective_rank": 1926.6823613538381,
  "final_mean_condition_number": 233854.15135482076,
  "sampled_layers": 8,
  "elapsed_sec": 34568.707463502884,
  "wall_clock_start": 1778752025.9850106,
  "wall_clock_end": 1778786674.336793,
  "commit_hash": "36da8a73e411f1f92be979fffa83f73277c6edcb",
  "cumulative_merged_total": 9740,
  "cumulative_dropped_total": 14452,
  "n_trainable_M": 43.646976,
  "n_lora_components": 4032,
  "aborted": false
}