{
  "model_key": "qwen35-2b",
  "model_path": "/mnt/cpfs/junlongke/onlinelora/models/qwen35-2b",
  "dataset": "tulu3-sft",
  "method": "lora_vanilla",
  "gate_sign": null,
  "total_steps": 3000,
  "merge_every": 9999,
  "final_val_loss": 2.1347570786476133,
  "first_eval_val_loss": 1.5977199623584748,
  "best_val_loss": 1.5977199623584748,
  "best_step": 250,
  "final_mean_effective_rank": 1834.7309389296854,
  "final_mean_condition_number": 40.02412342937682,
  "sampled_layers": 8,
  "elapsed_sec": 34532.0257062912,
  "wall_clock_start": 1779392130.0475652,
  "wall_clock_end": 1779426717.910375,
  "commit_hash": "04d00874380ee1a0370f524e9cd5ba1979311f27",
  "cumulative_merged_total": 0,
  "cumulative_dropped_total": 0,
  "n_trainable_M": 10.911744,
  "n_lora_components": 1536,
  "aborted": false
}