{
  "model_key": "olmo2-7b",
  "model_path": "/mnt/cpfs/junlongke/onlinelora/models/OLMo-2-7B",
  "dataset": "metamathqa-10k",
  "method": "relora_diag_gated_S3pos",
  "gate_sign": "S3pos_drops",
  "total_steps": 3000,
  "merge_every": 500,
  "final_val_loss": 0.20614170747995378,
  "first_eval_val_loss": 0.1957661493420601,
  "best_val_loss": 0.1957661493420601,
  "best_step": 250,
  "final_mean_effective_rank": 2337.0508413500684,
  "final_mean_condition_number": 27678689.5114026,
  "sampled_layers": 8,
  "elapsed_sec": 15853.555700540543,
  "wall_clock_start": 1779131103.9824612,
  "wall_clock_end": 1779147049.202591,
  "commit_hash": "509fa1d3e85b6c67982439b460c06679a2e9ac55",
  "cumulative_merged_total": 5963,
  "cumulative_dropped_total": 15541,
  "n_trainable_M": 39.97696,
  "n_lora_components": 3584,
  "aborted": false
}