{
  "model_key": "qwen3-8b",
  "model_path": "/mnt/cpfs/public_data/public_model/Qwen3/Qwen3-8B",
  "dataset": "metamathqa-10k",
  "method": "relora_train_gated",
  "gate_sign": "S2train_pos_drops",
  "total_steps": 3000,
  "merge_every": 500,
  "final_val_loss": 0.244698684155941,
  "first_eval_val_loss": 0.15587482327222824,
  "best_val_loss": 0.15533881944417954,
  "best_step": 500,
  "final_mean_effective_rank": 1926.7070309100905,
  "final_mean_condition_number": 167983.27068190402,
  "sampled_layers": 8,
  "elapsed_sec": 11669.218730449677,
  "wall_clock_start": 1778935615.2939827,
  "wall_clock_end": 1778947340.8674161,
  "commit_hash": "528c54f3c6e188a1add113f188e43d3fbf72dbee",
  "cumulative_merged_total": 11186,
  "cumulative_dropped_total": 4942,
  "n_trainable_M": 43.646976,
  "n_lora_components": 4032,
  "aborted": true
}