{
  "model_key": "qwen35-9b",
  "model_path": "/mnt/cpfs/junlongke/onlinelora/models/qwen35-9b",
  "dataset": "tulu3-sft",
  "method": "cola",
  "gate_sign": null,
  "total_steps": 3000,
  "merge_every": 750,
  "final_val_loss": 1.7610321707725525,
  "first_eval_val_loss": 1.3027787001132964,
  "best_val_loss": 1.3006777086257935,
  "best_step": 500,
  "final_mean_effective_rank": 3690.853226422677,
  "final_mean_condition_number": 36.19805635928207,
  "sampled_layers": 8,
  "elapsed_sec": 69915.12500596046,
  "wall_clock_start": 1779520600.993998,
  "wall_clock_end": 1779590649.2558026,
  "commit_hash": "af4ae22241dae74f55e067f175b5b7267eaab954",
  "cumulative_merged_total": 8192,
  "cumulative_dropped_total": 0,
  "n_trainable_M": 29.097984,
  "n_lora_components": 2048,
  "aborted": false
}