{
  "model_key": "gemma3-12b",
  "model_path": "/mnt/cpfs/junlongke/onlinelora/models/gemma-3-12b-it",
  "dataset": "tulu3-sft",
  "method": "lora_vanilla",
  "gate_sign": null,
  "total_steps": 3000,
  "merge_every": 9999,
  "final_val_loss": 2.661535373210907,
  "first_eval_val_loss": 1.3190043706893921,
  "best_val_loss": 1.3131001958847046,
  "best_step": 500,
  "final_mean_effective_rank": 1514.7269242072023,
  "final_mean_condition_number": 1007793.8175734815,
  "sampled_layers": 8,
  "elapsed_sec": 56725.79557466507,
  "wall_clock_start": 1779344829.4330745,
  "wall_clock_end": 1779401686.5346997,
  "commit_hash": "b7d07dc9f86be02663555d135e3be0d57805dc43",
  "cumulative_merged_total": 0,
  "cumulative_dropped_total": 0,
  "n_trainable_M": 68.456448,
  "n_lora_components": 6672,
  "aborted": false
}