{
  "max_step": 1050,
  "incomplete": true,
  "drop_rates": [
    0.0,
    0.1,
    0.25,
    0.5,
    0.75,
    0.9
  ],
  "final_train_loss": [
    1.0347595403268934,
    1.0437398071512578,
    1.0633469717875124,
    1.115533468466252,
    1.1745880945473908,
    1.2197134596556425
  ],
  "spikes_per_event": {
    "750": [
      -0.007767399176955347,
      -0.001853950321674347,
      0.016259593442082387,
      0.09309810563921928,
      0.22034591309726226,
      0.41430068142712106
    ]
  },
  "recovery_per_event": {
    "750": [
      25,
      25,
      25,
      75,
      225,
      250
    ]
  }
}