{
  "model_key": "qwen3-8b",
  "model_path": "/mnt/cpfs/public_data/public_model/Qwen3/Qwen3-8B",
  "dataset": "tulu3-sft",
  "method": "relora_random_drop",
  "gate_sign": "random",
  "total_steps": 3000,
  "merge_every": 750,
  "final_val_loss": 1.5406743512153624,
  "first_eval_val_loss": 1.3131618086099626,
  "best_val_loss": 1.3131618086099626,
  "best_step": 250,
  "final_mean_effective_rank": 1926.7855123228378,
  "final_mean_condition_number": 200116.41496641218,
  "sampled_layers": 8,
  "elapsed_sec": 34110.51078391075,
  "wall_clock_start": 1779827290.4186969,
  "wall_clock_end": 1779861481.9881303,
  "commit_hash": "87da7d4c3a51a3d20451c331e26382ee68c65396",
  "cumulative_merged_total": 11335,
  "cumulative_dropped_total": 4793,
  "n_trainable_M": 43.646976,
  "n_lora_components": 4032,
  "aborted": false
}