{
  "model_key": "qwen3-8b",
  "model_path": "/mnt/cpfs/public_data/public_model/Qwen3/Qwen3-8B",
  "dataset": "metamathqa-10k",
  "method": "relora_baseline",
  "gate_sign": null,
  "total_steps": 3000,
  "merge_every": 500,
  "final_val_loss": 0.2878291440606117,
  "first_eval_val_loss": 0.15594435679912566,
  "best_val_loss": 0.15561177706718446,
  "best_step": 500,
  "final_mean_effective_rank": 1926.8126475179265,
  "final_mean_condition_number": 324638.41372423177,
  "sampled_layers": 8,
  "elapsed_sec": 11643.015896081924,
  "wall_clock_start": 1778935558.7439086,
  "wall_clock_end": 1778947259.0926561,
  "commit_hash": "528c54f3c6e188a1add113f188e43d3fbf72dbee",
  "cumulative_merged_total": 16128,
  "cumulative_dropped_total": 0,
  "n_trainable_M": 43.646976,
  "n_lora_components": 4032,
  "aborted": true
}