{
  "model_key": "qwen3-8b",
  "model_path": "/mnt/cpfs/public_data/public_model/Qwen3/Qwen3-8B",
  "dataset": "metamathqa-10k",
  "method": "relora_train_gated",
  "gate_sign": "S2train_pos_drops",
  "total_steps": 50,
  "merge_every": 25,
  "final_val_loss": 0.1932176253758371,
  "first_eval_val_loss": 0.19892598036676645,
  "best_val_loss": 0.19274784484878182,
  "best_step": 50,
  "final_mean_effective_rank": 1926.5066838890555,
  "final_mean_condition_number": 229317.83277853028,
  "sampled_layers": 8,
  "elapsed_sec": 366.9379737377167,
  "wall_clock_start": 1778751419.4306784,
  "wall_clock_end": 1778751819.975571,
  "commit_hash": "36da8a73e411f1f92be979fffa83f73277c6edcb",
  "cumulative_merged_total": 6215,
  "cumulative_dropped_total": 1849,
  "n_trainable_M": 43.646976,
  "n_lora_components": 4032,
  "aborted": false
}