{
  "model_key": "qwen3-4b",
  "model_path": "/mnt/cpfs/junlongke/onlinelora/models/qwen3-4b",
  "dataset": "tulu3-sft",
  "method": "relora_baseline",
  "gate_sign": null,
  "total_steps": 3000,
  "merge_every": 750,
  "final_val_loss": 1.716734477519989,
  "first_eval_val_loss": 1.3847838366031646,
  "best_val_loss": 1.37780428981781,
  "best_step": 500,
  "final_mean_effective_rank": 1504.4568346350734,
  "final_mean_condition_number": 53.32382515862905,
  "sampled_layers": 8,
  "elapsed_sec": 24481.916941404343,
  "wall_clock_start": 1779474828.0977383,
  "wall_clock_end": 1779499354.7081704,
  "commit_hash": "b8da94cab8f8b05cfc6379ef37ea4a0fc754a0c2",
  "cumulative_merged_total": 16128,
  "cumulative_dropped_total": 0,
  "n_trainable_M": 33.030144,
  "n_lora_components": 4032,
  "aborted": false
}