{
  "task": "rte",
  "elapsed_sec": 643.6733908653259,
  "checkpoints": [
    {
      "step": 400,
      "S1_mag_rho_vs_delta": -0.1480057917152701,
      "S1_mag_rho_vs_abs_delta": 0.20525662588503382,
      "S2_fo_tr_rho_vs_delta": -0.6562203293275101,
      "S2_fo_tr_rho_vs_abs_delta": 0.6898041396522258,
      "S3_fo_val_rho_vs_delta": -0.7812169383935113,
      "S3_fo_val_rho_vs_abs_delta": 0.7830005696769119,
      "S4_fisher_tr_rho_vs_delta": -0.5643768819683694,
      "S4_fisher_tr_rho_vs_abs_delta": 0.6130520440550147,
      "S5_fisher_val_rho_vs_delta": -0.6088947589724115,
      "S5_fisher_val_rho_vs_abs_delta": 0.6485364728860918,
      "S5_fisher_val_kfold_rho_vs_delta": -0.6088608496324229,
      "S5_fisher_val_kfold_rho_vs_abs_delta": 0.648115997070233,
      "S3_fo_val_signed_neg_auc_harmful": 0.15619239148650915,
      "n_harmful": 153,
      "n_total": 192,
      "harmful_rate": 0.796875,
      "baseline_test_loss": 0.6297781435160861,
      "baseline_test_acc": 0.7075812274368231
    },
    {
      "step": 800,
      "S1_mag_rho_vs_delta": -0.163166657624176,
      "S1_mag_rho_vs_abs_delta": 0.20829998914901124,
      "S2_fo_tr_rho_vs_delta": -0.011717372433062966,
      "S2_fo_tr_rho_vs_abs_delta": 0.052415362287388446,
      "S3_fo_val_rho_vs_delta": -0.5633867292407021,
      "S3_fo_val_rho_vs_abs_delta": 0.6604233920190978,
      "S4_fisher_tr_rho_vs_delta": -0.2504950763638337,
      "S4_fisher_tr_rho_vs_abs_delta": 0.3857017877004042,
      "S5_fisher_val_rho_vs_delta": -0.3025187857743537,
      "S5_fisher_val_rho_vs_abs_delta": 0.43611819439546434,
      "S5_fisher_val_kfold_rho_vs_delta": -0.3030223394731845,
      "S5_fisher_val_kfold_rho_vs_abs_delta": 0.4366522665002849,
      "S3_fo_val_signed_neg_auc_harmful": 0.35463834902825087,
      "n_harmful": 161,
      "n_total": 192,
      "harmful_rate": 0.8385416666666666,
      "baseline_test_loss": 0.5702690708077771,
      "baseline_test_acc": 0.7545126353790613
    },
    {
      "step": 1200,
      "S1_mag_rho_vs_delta": 0.02286676342131677,
      "S1_mag_rho_vs_abs_delta": -0.10730610639394515,
      "S2_fo_tr_rho_vs_delta": -0.12702947399831813,
      "S2_fo_tr_rho_vs_abs_delta": 0.4605057917152701,
      "S3_fo_val_rho_vs_delta": -0.665636953042346,
      "S3_fo_val_rho_vs_abs_delta": 0.7844993625044083,
      "S4_fisher_tr_rho_vs_delta": -0.27400442177793455,
      "S4_fisher_tr_rho_vs_abs_delta": 0.540699685321325,
      "S5_fisher_val_rho_vs_delta": -0.40233601443181516,
      "S5_fisher_val_rho_vs_abs_delta": 0.6167108618397853,
      "S5_fisher_val_kfold_rho_vs_delta": -0.4008863901473022,
      "S5_fisher_val_kfold_rho_vs_abs_delta": 0.6155375986761795,
      "S3_fo_val_signed_neg_auc_harmful": 0.07843137254901962,
      "n_harmful": 141,
      "n_total": 192,
      "harmful_rate": 0.734375,
      "baseline_test_loss": 0.975804128156242,
      "baseline_test_acc": 0.7364620938628159
    },
    {
      "step": 1600,
      "S1_mag_rho_vs_delta": 0.04745442584705533,
      "S1_mag_rho_vs_abs_delta": -0.09529202723598189,
      "S2_fo_tr_rho_vs_delta": -0.11640059137888942,
      "S2_fo_tr_rho_vs_abs_delta": 0.2647861677020319,
      "S3_fo_val_rho_vs_delta": -0.6354593359194857,
      "S3_fo_val_rho_vs_abs_delta": 0.6148882348153977,
      "S4_fisher_tr_rho_vs_delta": -0.2695199115644414,
      "S4_fisher_tr_rho_vs_abs_delta": 0.3383745218783062,
      "S5_fisher_val_rho_vs_delta": -0.3656494994981418,
      "S5_fisher_val_rho_vs_abs_delta": 0.49176850771776587,
      "S5_fisher_val_kfold_rho_vs_delta": -0.3652578466212734,
      "S5_fisher_val_kfold_rho_vs_abs_delta": 0.49153114233784556,
      "S3_fo_val_signed_neg_auc_harmful": 0.1936943967535508,
      "n_harmful": 149,
      "n_total": 192,
      "harmful_rate": 0.7760416666666666,
      "baseline_test_loss": 1.0952370831682363,
      "baseline_test_acc": 0.7653429602888087
    },
    {
      "step": 2000,
      "S1_mag_rho_vs_delta": 0.14549989149011205,
      "S1_mag_rho_vs_abs_delta": -0.18049941675935224,
      "S2_fo_tr_rho_vs_delta": -0.06327313295174022,
      "S2_fo_tr_rho_vs_abs_delta": 0.21101951821609746,
      "S3_fo_val_rho_vs_delta": -0.6561084285055477,
      "S3_fo_val_rho_vs_abs_delta": 0.633529894474134,
      "S4_fisher_tr_rho_vs_delta": -0.16572172639231753,
      "S4_fisher_tr_rho_vs_abs_delta": 0.2861066652198682,
      "S5_fisher_val_rho_vs_delta": -0.4131056208121966,
      "S5_fisher_val_rho_vs_abs_delta": 0.5470068225592059,
      "S5_fisher_val_kfold_rho_vs_delta": -0.4129784607872393,
      "S5_fisher_val_kfold_rho_vs_abs_delta": 0.5468254075902667,
      "S3_fo_val_signed_neg_auc_harmful": 0.16312056737588654,
      "n_harmful": 141,
      "n_total": 192,
      "harmful_rate": 0.734375,
      "baseline_test_loss": 1.201512495748403,
      "baseline_test_acc": 0.7653429602888087
    }
  ],
  "n_components": 192,
  "n_lora_layers": 24
}