{
  "model_key": "gemma3-12b",
  "model_path": "/mnt/cpfs/junlongke/onlinelora/models/gemma-3-12b-it",
  "dataset": "metamathqa-10k",
  "method": "lora_vanilla",
  "gate_sign": null,
  "total_steps": 50,
  "merge_every": 9999,
  "final_val_loss": 0.23615376269817354,
  "first_eval_val_loss": 0.23615376269817354,
  "best_val_loss": 0.23615376269817354,
  "best_step": 50,
  "final_mean_effective_rank": 1515.0109104697217,
  "final_mean_condition_number": 1007797.3132050212,
  "sampled_layers": 8,
  "elapsed_sec": 1039.1897976398468,
  "wall_clock_start": 1779116781.2200155,
  "wall_clock_end": 1779117971.9244874,
  "commit_hash": "e0621e1f347a98d421630426e26b710251f09bda",
  "cumulative_merged_total": 0,
  "cumulative_dropped_total": 0,
  "n_trainable_M": 68.456448,
  "n_lora_components": 6672,
  "aborted": false
}