{
  "model_key": "gemma3-12b",
  "model_path": "/mnt/cpfs/junlongke/onlinelora/models/gemma-3-12b-it",
  "dataset": "metamathqa-10k",
  "method": "cola",
  "gate_sign": null,
  "total_steps": 3000,
  "merge_every": 500,
  "final_val_loss": 0.2691182786822319,
  "first_eval_val_loss": 0.17174239188432694,
  "best_val_loss": 0.17105867314338685,
  "best_step": 500,
  "final_mean_effective_rank": 1515.4758765083989,
  "final_mean_condition_number": 1007799.5450879605,
  "sampled_layers": 8,
  "elapsed_sec": 14826.335077524185,
  "wall_clock_start": 1779341520.2935941,
  "wall_clock_end": 1779356424.922556,
  "commit_hash": "b7d07dc9f86be02663555d135e3be0d57805dc43",
  "cumulative_merged_total": 20016,
  "cumulative_dropped_total": 0,
  "n_trainable_M": 68.456448,
  "n_lora_components": 6672,
  "aborted": true
}