{
  "model_key": "qwen3-8b",
  "model_path": "/mnt/cpfs/public_data/public_model/Qwen3/Qwen3-8B",
  "dataset": "tulu3-sft",
  "method": "relora_random_drop",
  "gate_sign": "random",
  "total_steps": 3000,
  "merge_every": 750,
  "final_val_loss": 1.443776754140854,
  "first_eval_val_loss": 1.314593684077263,
  "best_val_loss": 1.3121726568937302,
  "best_step": 500,
  "final_mean_effective_rank": 1926.749901140731,
  "final_mean_condition_number": 1648601.955087643,
  "sampled_layers": 8,
  "elapsed_sec": 34312.716989040375,
  "wall_clock_start": 1779869627.677066,
  "wall_clock_end": 1779904021.7742789,
  "commit_hash": "f960448f356f11b79865bf3e846627b1efdc3752",
  "cumulative_merged_total": 8092,
  "cumulative_dropped_total": 8036,
  "n_trainable_M": 43.646976,
  "n_lora_components": 4032,
  "aborted": false
}