{
  "model_key": "qwen3-8b",
  "model_path": "/mnt/cpfs/public_data/public_model/Qwen3/Qwen3-8B",
  "dataset": "tulu3-sft",
  "method": "relora_diag_gated_S3neg",
  "gate_sign": "S3neg_drops",
  "total_steps": 3000,
  "merge_every": 500,
  "final_val_loss": 1.4974304304122925,
  "first_eval_val_loss": 1.3143790681362153,
  "best_val_loss": 1.3126631273031235,
  "best_step": 750,
  "final_mean_effective_rank": 1926.7070178679405,
  "final_mean_condition_number": 87512.21240016173,
  "sampled_layers": 8,
  "elapsed_sec": 34557.26628255844,
  "wall_clock_start": 1778752019.7921605,
  "wall_clock_end": 1778786657.335981,
  "commit_hash": "36da8a73e411f1f92be979fffa83f73277c6edcb",
  "cumulative_merged_total": 13002,
  "cumulative_dropped_total": 11190,
  "n_trainable_M": 43.646976,
  "n_lora_components": 4032,
  "aborted": false
}