{
  "model_key": "r1-distill-7b",
  "model_path": "/mnt/cpfs/junlongke/onlinelora/models/R1-Distill-Qwen-7B",
  "dataset": "tulu3-sft",
  "method": "lora_vanilla",
  "gate_sign": null,
  "total_steps": 3000,
  "merge_every": 9999,
  "final_val_loss": 2.3216697969436644,
  "first_eval_val_loss": 1.8570063338279723,
  "best_val_loss": 1.8345854821205139,
  "best_step": 500,
  "final_mean_effective_rank": 1465.0028934978272,
  "final_mean_condition_number": 89469.01665506525,
  "sampled_layers": 8,
  "elapsed_sec": 28861.09273171425,
  "wall_clock_start": 1779234535.9864755,
  "wall_clock_end": 1779263467.006604,
  "commit_hash": "b7d07dc9f86be02663555d135e3be0d57805dc43",
  "cumulative_merged_total": 0,
  "cumulative_dropped_total": 0,
  "n_trainable_M": 40.370176,
  "n_lora_components": 3136,
  "aborted": false
}