{
  "model_key": "olmo2-7b",
  "model_path": "/mnt/cpfs/junlongke/onlinelora/models/OLMo-2-7B",
  "dataset": "metamathqa-10k",
  "method": "relora_baseline",
  "gate_sign": null,
  "total_steps": 3000,
  "merge_every": 500,
  "final_val_loss": 0.3618939279317856,
  "first_eval_val_loss": 0.19570209741592406,
  "best_val_loss": 0.19570209741592406,
  "best_step": 250,
  "final_mean_effective_rank": 2337.676554738584,
  "final_mean_condition_number": 134849769.24533862,
  "sampled_layers": 8,
  "elapsed_sec": 10575.814076423645,
  "wall_clock_start": 1779122343.231284,
  "wall_clock_end": 1779133011.5372503,
  "commit_hash": "509fa1d3e85b6c67982439b460c06679a2e9ac55",
  "cumulative_merged_total": 14336,
  "cumulative_dropped_total": 0,
  "n_trainable_M": 39.97696,
  "n_lora_components": 3584,
  "aborted": true
}