{
  "model_key": "llama3-8b",
  "model_path": "/mnt/cpfs/public_data/public_model/Meta-Llama-3-8B",
  "dataset": "tulu3-sft",
  "method": "dora",
  "gate_sign": null,
  "total_steps": 800,
  "merge_every": 9999,
  "final_val_loss": 1.3618375511169434,
  "first_eval_val_loss": 1.3649523370265961,
  "best_val_loss": 1.3495798077583312,
  "best_step": 500,
  "final_mean_effective_rank": 1622.9701688648358,
  "final_mean_condition_number": 5021930.676469271,
  "sampled_layers": 8,
  "elapsed_sec": 56990.11780500412,
  "wall_clock_start": 1779305857.7810385,
  "wall_clock_end": 1779362969.8553803,
  "commit_hash": "b7d07dc9f86be02663555d135e3be0d57805dc43",
  "cumulative_merged_total": 0,
  "cumulative_dropped_total": 0,
  "n_trainable_M": 43.319296,
  "n_lora_components": 3584,
  "aborted": false
}