{
  "model_key": "qwen35-0p8b",
  "model_path": "/mnt/cpfs/junlongke/onlinelora/models/qwen35-0p8b",
  "dataset": "tulu3-sft",
  "method": "relora_diag_gated_S3pos",
  "gate_sign": "S3pos_drops",
  "total_steps": 3000,
  "merge_every": 750,
  "final_val_loss": 1.828446602344513,
  "first_eval_val_loss": 1.829537495613098,
  "best_val_loss": 1.827121384382248,
  "best_step": 500,
  "final_mean_effective_rank": 929.1113095062219,
  "final_mean_condition_number": 29.17190819897547,
  "sampled_layers": 8,
  "elapsed_sec": 34570.18452548981,
  "wall_clock_start": 1779386422.6301296,
  "wall_clock_end": 1779421025.6446733,
  "commit_hash": "04d00874380ee1a0370f524e9cd5ba1979311f27",
  "cumulative_merged_total": 1748,
  "cumulative_dropped_total": 4396,
  "n_trainable_M": 6.38976,
  "n_lora_components": 1536,
  "aborted": false
}