{
  "S3_fo_val_signed_neg_auc_harmful": 0.07843137254901962,
  "n_harmful": 141,
  "n_total": 192,
  "harmful_rate": 0.734375,
  "baseline_test_loss": 0.975804128156242,
  "baseline_test_acc": 0.7364620938628159
}