{
  "model_key": "llama3-8b",
  "model_path": "/mnt/cpfs/public_data/public_model/Meta-Llama-3-8B",
  "dataset": "tulu3-sft",
  "method": "lora_vanilla",
  "gate_sign": null,
  "total_steps": 3000,
  "merge_every": 9999,
  "final_val_loss": 2.14287677526474,
  "first_eval_val_loss": 1.3650286502838134,
  "best_val_loss": 1.3581636481285095,
  "best_step": 500,
  "final_mean_effective_rank": 1623.428334644976,
  "final_mean_condition_number": 45496174.37860142,
  "sampled_layers": 8,
  "elapsed_sec": 30798.5664935112,
  "wall_clock_start": 1779288359.8314595,
  "wall_clock_end": 1779319236.0553427,
  "commit_hash": "b7d07dc9f86be02663555d135e3be0d57805dc43",
  "cumulative_merged_total": 0,
  "cumulative_dropped_total": 0,
  "n_trainable_M": 41.94304,
  "n_lora_components": 3584,
  "aborted": false
}