{
  "model_key": "r1-distill-7b",
  "model_path": "/mnt/cpfs/junlongke/onlinelora/models/R1-Distill-Qwen-7B",
  "dataset": "tulu3-sft",
  "method": "relora_baseline",
  "gate_sign": null,
  "total_steps": 3000,
  "merge_every": 500,
  "final_val_loss": 2.165821014404297,
  "first_eval_val_loss": 1.8569320917129517,
  "best_val_loss": 1.8348064533472062,
  "best_step": 500,
  "final_mean_effective_rank": 1465.4043393879097,
  "final_mean_condition_number": 101914.61380266797,
  "sampled_layers": 8,
  "elapsed_sec": 29020.97460436821,
  "wall_clock_start": 1779235560.1369638,
  "wall_clock_end": 1779264645.980652,
  "commit_hash": "b7d07dc9f86be02663555d135e3be0d57805dc43",
  "cumulative_merged_total": 18816,
  "cumulative_dropped_total": 0,
  "n_trainable_M": 40.370176,
  "n_lora_components": 3136,
  "aborted": false
}