{
  "model_key": "gemma3-12b",
  "model_path": "/mnt/cpfs/junlongke/onlinelora/models/gemma-3-12b-it",
  "dataset": "tulu3-sft",
  "method": "relora_baseline",
  "gate_sign": null,
  "total_steps": 3000,
  "merge_every": 500,
  "final_val_loss": 2.298041423082352,
  "first_eval_val_loss": 1.3190043706893921,
  "best_val_loss": 1.3131001958847046,
  "best_step": 500,
  "final_mean_effective_rank": 1516.244655418655,
  "final_mean_condition_number": 1007798.8208266001,
  "sampled_layers": 8,
  "elapsed_sec": 57321.14201402664,
  "wall_clock_start": 1779346530.9453342,
  "wall_clock_end": 1779403981.6969364,
  "commit_hash": "b7d07dc9f86be02663555d135e3be0d57805dc43",
  "cumulative_merged_total": 40032,
  "cumulative_dropped_total": 0,
  "n_trainable_M": 68.456448,
  "n_lora_components": 6672,
  "aborted": true
}