{
  "model_key": "olmo2-7b",
  "model_path": "/mnt/cpfs/junlongke/onlinelora/models/OLMo-2-7B",
  "dataset": "metamathqa-10k",
  "method": "lora_vanilla",
  "gate_sign": null,
  "total_steps": 50,
  "merge_every": 9999,
  "final_val_loss": 0.23543742120265962,
  "first_eval_val_loss": 0.23543742120265962,
  "best_val_loss": 0.23543742120265962,
  "best_step": 50,
  "final_mean_effective_rank": 2335.8135160011916,
  "final_mean_condition_number": 121608635.26773894,
  "sampled_layers": 8,
  "elapsed_sec": 279.5125312805176,
  "wall_clock_start": 1779116478.2436454,
  "wall_clock_end": 1779116850.7476194,
  "commit_hash": "e0621e1f347a98d421630426e26b710251f09bda",
  "cumulative_merged_total": 0,
  "cumulative_dropped_total": 0,
  "n_trainable_M": 39.97696,
  "n_lora_components": 3584,
  "aborted": false
}