{
  "model_key": "qwen3-1p7b",
  "model_path": "/mnt/cpfs/junlongke/onlinelora/models/qwen3-1p7b",
  "dataset": "tulu3-sft",
  "method": "relora_diag_gated_S3pos",
  "gate_sign": "S3pos_drops",
  "total_steps": 3000,
  "merge_every": 750,
  "final_val_loss": 1.586503202199936,
  "first_eval_val_loss": 1.5882780811786652,
  "best_val_loss": 1.5711363031864167,
  "best_step": 1250,
  "final_mean_effective_rank": 1204.9662137237656,
  "final_mean_condition_number": 19631.235702687434,
  "sampled_layers": 8,
  "elapsed_sec": 12556.629053354263,
  "wall_clock_start": 1779368628.886491,
  "wall_clock_end": 1779381210.4275358,
  "commit_hash": "3f3ae2adb0514be6259b51537f75d55ee94f5d34",
  "cumulative_merged_total": 5248,
  "cumulative_dropped_total": 7296,
  "n_trainable_M": 17.432576,
  "n_lora_components": 3136,
  "aborted": false
}