{
  "model_key": "olmo2-7b",
  "model_path": "/mnt/cpfs/junlongke/onlinelora/models/OLMo-2-7B",
  "dataset": "tulu3-sft",
  "method": "relora_random_drop",
  "gate_sign": "random",
  "total_steps": 3000,
  "merge_every": 500,
  "final_val_loss": 0.9652584414482117,
  "first_eval_val_loss": 0.849534022629261,
  "best_val_loss": 0.849534022629261,
  "best_step": 250,
  "final_mean_effective_rank": 2337.757847255236,
  "final_mean_condition_number": 80236021.44448145,
  "sampled_layers": 8,
  "elapsed_sec": 33237.30150651932,
  "wall_clock_start": 1779142474.033489,
  "wall_clock_end": 1779175827.296515,
  "commit_hash": "509fa1d3e85b6c67982439b460c06679a2e9ac55",
  "cumulative_merged_total": 10735,
  "cumulative_dropped_total": 10769,
  "n_trainable_M": 39.97696,
  "n_lora_components": 3584,
  "aborted": false
}