{
  "model_key": "qwen3-8b",
  "model_path": "/mnt/cpfs/public_data/public_model/Qwen3/Qwen3-8B",
  "dataset": "tulu3-sft",
  "method": "relora_train_gated",
  "gate_sign": "S2train_pos_drops",
  "total_steps": 3000,
  "merge_every": 500,
  "final_val_loss": 1.5003140542507172,
  "first_eval_val_loss": 1.3131662435531617,
  "best_val_loss": 1.3095616676807404,
  "best_step": 750,
  "final_mean_effective_rank": 1926.743439380391,
  "final_mean_condition_number": 141023.1254750161,
  "sampled_layers": 8,
  "elapsed_sec": 34541.09763765335,
  "wall_clock_start": 1778893968.6200316,
  "wall_clock_end": 1778928591.4053352,
  "commit_hash": "181b0374aad3297e6ad20622ce3716b910843378",
  "cumulative_merged_total": 16724,
  "cumulative_dropped_total": 7468,
  "n_trainable_M": 43.646976,
  "n_lora_components": 4032,
  "aborted": false
}