{
  "S1_mag_rho_vs_delta": 0.04745442584705533,
  "S1_mag_rho_vs_abs_delta": -0.09529202723598189,
  "S2_fo_tr_rho_vs_delta": -0.11640059137888942,
  "S2_fo_tr_rho_vs_abs_delta": 0.2647861677020319,
  "S3_fo_val_rho_vs_delta": -0.6354593359194857,
  "S3_fo_val_rho_vs_abs_delta": 0.6148882348153977,
  "S4_fisher_tr_rho_vs_delta": -0.2695199115644414,
  "S4_fisher_tr_rho_vs_abs_delta": 0.3383745218783062,
  "S5_fisher_val_rho_vs_delta": -0.3656494994981418,
  "S5_fisher_val_rho_vs_abs_delta": 0.49176850771776587,
  "S5_fisher_val_kfold_rho_vs_delta": -0.3652578466212734,
  "S5_fisher_val_kfold_rho_vs_abs_delta": 0.49153114233784556
}