{
  "S1_mag_rho_vs_delta": 0.14524896237419638,
  "S1_mag_rho_vs_abs_delta": -0.13281440740037437,
  "S2_fo_tr_rho_vs_delta": -0.4221373735181619,
  "S2_fo_tr_rho_vs_abs_delta": 0.5117750183110437,
  "S3_fo_val_rho_vs_delta": -0.670151981661829,
  "S3_fo_val_rho_vs_abs_delta": 0.7016401947752491,
  "S4_fisher_tr_rho_vs_delta": -0.4968854271220466,
  "S4_fisher_tr_rho_vs_abs_delta": 0.5618879364132058,
  "S5_fisher_val_rho_vs_delta": -0.5572796571087542,
  "S5_fisher_val_rho_vs_abs_delta": 0.6242539945202508
}