{
  "task": "mrpc",
  "elapsed_sec": 749.5583086013794,
  "checkpoints": [
    {
      "step": 400,
      "S1_mag_rho_vs_delta": 0.006476683937823835,
      "S1_mag_rho_vs_abs_delta": 0.33205382090443,
      "S2_fo_tr_rho_vs_delta": -0.36009854054200696,
      "S2_fo_tr_rho_vs_abs_delta": 0.6475039334834387,
      "S3_fo_val_rho_vs_delta": -0.4658973767734585,
      "S3_fo_val_rho_vs_abs_delta": 0.6782834413910969,
      "S4_fisher_tr_rho_vs_delta": -0.27355681849008495,
      "S4_fisher_tr_rho_vs_abs_delta": 0.7563630876488621,
      "S5_fisher_val_rho_vs_delta": -0.24858598052247516,
      "S5_fisher_val_rho_vs_abs_delta": 0.7526364511841143,
      "S3_fo_val_signed_neg_auc_harmful": 0.2009479717813051,
      "n_harmful": 108,
      "n_total": 192,
      "harmful_rate": 0.5625,
      "baseline_test_loss": 0.327699676156044,
      "baseline_test_acc": 0.8651960784313726
    },
    {
      "step": 800,
      "S1_mag_rho_vs_delta": -0.08716395844071292,
      "S1_mag_rho_vs_abs_delta": 0.21752163415891276,
      "S2_fo_tr_rho_vs_delta": 0.0680797818951252,
      "S2_fo_tr_rho_vs_abs_delta": 0.4904765618641999,
      "S3_fo_val_rho_vs_delta": -0.40928064726148183,
      "S3_fo_val_rho_vs_abs_delta": 0.6917878360415595,
      "S4_fisher_tr_rho_vs_delta": -0.15541837343677944,
      "S4_fisher_tr_rho_vs_abs_delta": 0.65589310419662,
      "S5_fisher_val_rho_vs_delta": -0.15033027697148907,
      "S5_fisher_val_rho_vs_abs_delta": 0.6365291755961263,
      "S3_fo_val_signed_neg_auc_harmful": 0.12712053571428572,
      "n_harmful": 112,
      "n_total": 192,
      "harmful_rate": 0.5833333333333334,
      "baseline_test_loss": 0.3174036478295046,
      "baseline_test_acc": 0.8725490196078431
    },
    {
      "step": 1200,
      "S1_mag_rho_vs_delta": -0.08616024197705016,
      "S1_mag_rho_vs_abs_delta": 0.1795855600466593,
      "S2_fo_tr_rho_vs_delta": -0.03443493475842987,
      "S2_fo_tr_rho_vs_abs_delta": 0.22916271057700138,
      "S3_fo_val_rho_vs_delta": -0.61681598079375,
      "S3_fo_val_rho_vs_abs_delta": 0.6858248786045631,
      "S4_fisher_tr_rho_vs_delta": -0.21269124867753578,
      "S4_fisher_tr_rho_vs_abs_delta": 0.4964954697121776,
      "S5_fisher_val_rho_vs_delta": -0.3734299975585275,
      "S5_fisher_val_rho_vs_abs_delta": 0.6178875159373898,
      "S3_fo_val_signed_neg_auc_harmful": 0.15559348739495796,
      "n_harmful": 136,
      "n_total": 192,
      "harmful_rate": 0.7083333333333334,
      "baseline_test_loss": 0.32198448932053997,
      "baseline_test_acc": 0.8823529411764706
    },
    {
      "step": 1600,
      "S1_mag_rho_vs_delta": -0.2658322708406804,
      "S1_mag_rho_vs_abs_delta": 0.3075034587526789,
      "S2_fo_tr_rho_vs_delta": -0.21711302661205006,
      "S2_fo_tr_rho_vs_abs_delta": 0.47820477172232323,
      "S3_fo_val_rho_vs_delta": -0.7830785611588857,
      "S3_fo_val_rho_vs_abs_delta": 0.8447749098011558,
      "S4_fisher_tr_rho_vs_delta": -0.3415891273092261,
      "S4_fisher_tr_rho_vs_abs_delta": 0.6044492444999051,
      "S5_fisher_val_rho_vs_delta": -0.47775377750047476,
      "S5_fisher_val_rho_vs_abs_delta": 0.7187779752054906,
      "S3_fo_val_signed_neg_auc_harmful": 0.1677182685253118,
      "n_harmful": 145,
      "n_total": 192,
      "harmful_rate": 0.7552083333333334,
      "baseline_test_loss": 0.3729771361047146,
      "baseline_test_acc": 0.8578431372549019
    },
    {
      "step": 2000,
      "S1_mag_rho_vs_delta": -0.1124755852752082,
      "S1_mag_rho_vs_abs_delta": 0.11579361419309336,
      "S2_fo_tr_rho_vs_delta": 0.08463432167756287,
      "S2_fo_tr_rho_vs_abs_delta": 0.15282091799365216,
      "S3_fo_val_rho_vs_delta": -0.5595905786289777,
      "S3_fo_val_rho_vs_abs_delta": 0.6802586604454333,
      "S4_fisher_tr_rho_vs_delta": -0.22241983832026696,
      "S4_fisher_tr_rho_vs_abs_delta": 0.5274309605837834,
      "S5_fisher_val_rho_vs_delta": -0.26715812603423494,
      "S5_fisher_val_rho_vs_abs_delta": 0.5466677291593197,
      "S3_fo_val_signed_neg_auc_harmful": 0.22437898737613685,
      "n_harmful": 139,
      "n_total": 192,
      "harmful_rate": 0.7239583333333334,
      "baseline_test_loss": 0.44994108196274907,
      "baseline_test_acc": 0.875
    }
  ],
  "n_components": 192,
  "n_lora_layers": 24
}