{
  "model_key": "r1-distill-7b",
  "model_path": "/mnt/cpfs/junlongke/onlinelora/models/R1-Distill-Qwen-7B",
  "dataset": "tulu3-sft",
  "method": "relora_random_drop",
  "gate_sign": "random",
  "total_steps": 3000,
  "merge_every": 500,
  "final_val_loss": 1.9155064196586609,
  "first_eval_val_loss": 1.856800613641739,
  "best_val_loss": 1.834817941904068,
  "best_step": 500,
  "final_mean_effective_rank": 1465.1683442340386,
  "final_mean_condition_number": 846424.1841656868,
  "sampled_layers": 8,
  "elapsed_sec": 29173.262934923172,
  "wall_clock_start": 1779242634.3761392,
  "wall_clock_end": 1779271873.1549957,
  "commit_hash": "b7d07dc9f86be02663555d135e3be0d57805dc43",
  "cumulative_merged_total": 9381,
  "cumulative_dropped_total": 9435,
  "n_trainable_M": 40.370176,
  "n_lora_components": 3136,
  "aborted": false
}