{
  "model_key": "qwen35-2b",
  "model_path": "/mnt/cpfs/junlongke/onlinelora/models/qwen35-2b",
  "dataset": "tulu3-sft",
  "method": "relora_baseline",
  "gate_sign": null,
  "total_steps": 3000,
  "merge_every": 750,
  "final_val_loss": 2.1705532693862915,
  "first_eval_val_loss": 1.5975973737239837,
  "best_val_loss": 1.5975973737239837,
  "best_step": 250,
  "final_mean_effective_rank": 1837.141209033875,
  "final_mean_condition_number": 38.34470754747903,
  "sampled_layers": 8,
  "elapsed_sec": 39837.594299554825,
  "wall_clock_start": 1779424452.3188531,
  "wall_clock_end": 1779464343.5893116,
  "commit_hash": "04d00874380ee1a0370f524e9cd5ba1979311f27",
  "cumulative_merged_total": 6144,
  "cumulative_dropped_total": 0,
  "n_trainable_M": 10.911744,
  "n_lora_components": 1536,
  "aborted": false
}