{
  "S3_fo_val_signed_neg_auc_harmful": 0.1677182685253118,
  "n_harmful": 145,
  "n_total": 192,
  "harmful_rate": 0.7552083333333334,
  "baseline_test_loss": 0.3729771361047146,
  "baseline_test_acc": 0.8578431372549019
}