{
  "model_key": "qwen3-8b",
  "model_path": "/mnt/cpfs/public_data/public_model/Qwen3/Qwen3-8B",
  "dataset": "tulu3-sft",
  "method": "relora_diag_gated_S3pos",
  "gate_sign": "S3pos_drops",
  "total_steps": 3000,
  "merge_every": 750,
  "final_val_loss": 1.3504502801895142,
  "first_eval_val_loss": 1.311862205862999,
  "best_val_loss": 1.3114147619009018,
  "best_step": 500,
  "final_mean_effective_rank": 1926.7303890092885,
  "final_mean_condition_number": 135684.68383253104,
  "sampled_layers": 8,
  "elapsed_sec": 34465.57892727852,
  "wall_clock_start": 1779806815.8770483,
  "wall_clock_end": 1779841361.166216,
  "commit_hash": "547f8c9bb0a8d92628b1d387f14786e29097c7f6",
  "cumulative_merged_total": 7583,
  "cumulative_dropped_total": 8545,
  "n_trainable_M": 43.646976,
  "n_lora_components": 4032,
  "aborted": false
}