{
  "task": "sst2",
  "elapsed_sec": 2025.616971731186,
  "checkpoints": [
    {
      "step": 1000,
      "S1_mag_rho_vs_delta": 0.15440448417112013,
      "S1_mag_rho_vs_abs_delta": 0.012651574749749072,
      "S2_fo_tr_rho_vs_delta": 0.28410092775954215,
      "S2_fo_tr_rho_vs_abs_delta": 0.4300501180045032,
      "S3_fo_val_rho_vs_delta": 0.347443574858259,
      "S3_fo_val_rho_vs_abs_delta": 0.43942435504435345,
      "S4_fisher_tr_rho_vs_delta": 0.3817886498657191,
      "S4_fisher_tr_rho_vs_abs_delta": 0.6203985025635462,
      "S5_fisher_val_rho_vs_delta": 0.30211017822749103,
      "S5_fisher_val_rho_vs_abs_delta": 0.6062481349863006,
      "S5_fisher_val_kfold_rho_vs_delta": 0.2680770691479261,
      "S5_fisher_val_kfold_rho_vs_abs_delta": 0.5937338930635054,
      "S3_fo_val_signed_neg_auc_harmful": 0.2502525252525253,
      "n_harmful": 60,
      "n_total": 192,
      "harmful_rate": 0.3125,
      "baseline_test_loss": 0.19881970729302922,
      "baseline_test_acc": 0.9277522935779816
    },
    {
      "step": 2000,
      "S1_mag_rho_vs_delta": 0.0411574614111711,
      "S1_mag_rho_vs_abs_delta": 0.06258985975096981,
      "S2_fo_tr_rho_vs_delta": -0.4263980820877303,
      "S2_fo_tr_rho_vs_abs_delta": 0.4955917858014812,
      "S3_fo_val_rho_vs_delta": -0.5017938040853973,
      "S3_fo_val_rho_vs_abs_delta": 0.5325326207850691,
      "S4_fisher_tr_rho_vs_delta": -0.5142046225212273,
      "S4_fisher_tr_rho_vs_abs_delta": 0.6207681143694219,
      "S5_fisher_val_rho_vs_delta": -0.5215697311667526,
      "S5_fisher_val_rho_vs_abs_delta": 0.6331280687952691,
      "S5_fisher_val_kfold_rho_vs_delta": -0.5333854406857825,
      "S5_fisher_val_kfold_rho_vs_abs_delta": 0.6424972194341211,
      "S3_fo_val_signed_neg_auc_harmful": 0.4361042183622829,
      "n_harmful": 130,
      "n_total": 192,
      "harmful_rate": 0.6770833333333334,
      "baseline_test_loss": 0.1996708744709645,
      "baseline_test_acc": 0.9323394495412844
    },
    {
      "step": 3000,
      "S1_mag_rho_vs_delta": -0.05341568781705234,
      "S1_mag_rho_vs_abs_delta": 0.08989874671079404,
      "S2_fo_tr_rho_vs_delta": -0.41325482190814644,
      "S2_fo_tr_rho_vs_abs_delta": 0.3726246507337982,
      "S3_fo_val_rho_vs_delta": -0.4124291294794239,
      "S3_fo_val_rho_vs_abs_delta": 0.4418912595285246,
      "S4_fisher_tr_rho_vs_delta": -0.5201913164962157,
      "S4_fisher_tr_rho_vs_abs_delta": 0.673059707565852,
      "S5_fisher_val_rho_vs_delta": -0.48855898868784425,
      "S5_fisher_val_rho_vs_abs_delta": 0.5893188969969889,
      "S5_fisher_val_kfold_rho_vs_delta": -0.4498972546998346,
      "S5_fisher_val_kfold_rho_vs_abs_delta": 0.5959396956297643,
      "S3_fo_val_signed_neg_auc_harmful": 0.6441952338473302,
      "n_harmful": 133,
      "n_total": 192,
      "harmful_rate": 0.6927083333333334,
      "baseline_test_loss": 0.19682896902801794,
      "baseline_test_acc": 0.9334862385321101
    },
    {
      "step": 4000,
      "S1_mag_rho_vs_delta": -0.05213730569948187,
      "S1_mag_rho_vs_abs_delta": 0.14951475734476308,
      "S2_fo_tr_rho_vs_delta": -0.2546811843854272,
      "S2_fo_tr_rho_vs_abs_delta": 0.414155114884844,
      "S3_fo_val_rho_vs_delta": -0.36201796263277186,
      "S3_fo_val_rho_vs_abs_delta": 0.48879232258312294,
      "S4_fisher_tr_rho_vs_delta": -0.5083298293682013,
      "S4_fisher_tr_rho_vs_abs_delta": 0.6579191872609392,
      "S5_fisher_val_rho_vs_delta": -0.41164243279168816,
      "S5_fisher_val_rho_vs_abs_delta": 0.5509097875918944,
      "S5_fisher_val_kfold_rho_vs_delta": -0.41788344681659123,
      "S5_fisher_val_kfold_rho_vs_abs_delta": 0.5647905759162305,
      "S3_fo_val_signed_neg_auc_harmful": 0.4754098360655738,
      "n_harmful": 131,
      "n_total": 192,
      "harmful_rate": 0.6822916666666666,
      "baseline_test_loss": 0.19752297242847058,
      "baseline_test_acc": 0.9288990825688074
    },
    {
      "step": 5000,
      "S1_mag_rho_vs_delta": -0.054017578601850094,
      "S1_mag_rho_vs_abs_delta": 0.1276822287930988,
      "S2_fo_tr_rho_vs_delta": -0.3881364783115862,
      "S2_fo_tr_rho_vs_abs_delta": 0.5400859262675312,
      "S3_fo_val_rho_vs_delta": -0.3290867536554269,
      "S3_fo_val_rho_vs_abs_delta": 0.4222272332691317,
      "S4_fisher_tr_rho_vs_delta": -0.5386379974500177,
      "S4_fisher_tr_rho_vs_abs_delta": 0.6736565119496516,
      "S5_fisher_val_rho_vs_delta": -0.4589951306187777,
      "S5_fisher_val_rho_vs_abs_delta": 0.5564827876190218,
      "S5_fisher_val_kfold_rho_vs_delta": -0.43881059599055966,
      "S5_fisher_val_kfold_rho_vs_abs_delta": 0.558000230583512,
      "S3_fo_val_signed_neg_auc_harmful": 0.5016129032258064,
      "n_harmful": 130,
      "n_total": 192,
      "harmful_rate": 0.6770833333333334,
      "baseline_test_loss": 0.2000873743667515,
      "baseline_test_acc": 0.930045871559633
    }
  ],
  "n_components": 192,
  "n_lora_layers": 24
}