{
  "model_key": "qwen35-0p8b",
  "model_path": "/mnt/cpfs/junlongke/onlinelora/models/qwen35-0p8b",
  "dataset": "tulu3-sft",
  "method": "dora",
  "gate_sign": null,
  "total_steps": 800,
  "merge_every": 9999,
  "final_val_loss": 1.8196401599645615,
  "first_eval_val_loss": 1.8270349407196045,
  "best_val_loss": 1.8169973756074906,
  "best_step": 500,
  "final_mean_effective_rank": 928.981012792201,
  "final_mean_condition_number": 29.578437098410884,
  "sampled_layers": 8,
  "elapsed_sec": 11276.578131198883,
  "wall_clock_start": 1779387117.4638832,
  "wall_clock_end": 1779398441.9566529,
  "commit_hash": "04d00874380ee1a0370f524e9cd5ba1979311f27",
  "cumulative_merged_total": 0,
  "cumulative_dropped_total": 0,
  "n_trainable_M": 6.623232,
  "n_lora_components": 1536,
  "aborted": false
}