{
  "model_key": "mistral-7b",
  "model_path": "/mnt/cpfs/public_data/public_model/Mistral/Mistral-7B-v0.3",
  "dataset": "metamathqa-10k",
  "method": "relora_random_drop",
  "gate_sign": "random",
  "total_steps": 3000,
  "merge_every": 500,
  "final_val_loss": 0.30335485011339186,
  "first_eval_val_loss": 0.21331661707162858,
  "best_val_loss": 0.20958534842729568,
  "best_step": 1000,
  "final_mean_effective_rank": 1450.3765363725438,
  "final_mean_condition_number": 10452890.148234427,
  "sampled_layers": 8,
  "elapsed_sec": 16602.14426422119,
  "wall_clock_start": 1778830357.1630652,
  "wall_clock_end": 1778847016.2537594,
  "commit_hash": "a6bbaf8cf6365563f6fa2d32a19ffca6d9c5bd5d",
  "cumulative_merged_total": 10735,
  "cumulative_dropped_total": 10769,
  "n_trainable_M": 41.94304,
  "n_lora_components": 3584,
  "aborted": false
}