{
  "model_key": "qwen3-8b",
  "model_path": "/mnt/cpfs/public_data/public_model/Qwen3/Qwen3-8B",
  "dataset": "tulu3-sft",
  "method": "relora_random_drop",
  "gate_sign": "random",
  "total_steps": 300,
  "merge_every": 50,
  "final_val_loss": 1.3357256736755372,
  "first_eval_val_loss": 1.3489262988567352,
  "best_val_loss": 1.3489262988567352,
  "best_step": 200,
  "final_mean_effective_rank": 1926.5330711476777,
  "final_mean_condition_number": 128939.68863062742,
  "sampled_layers": 8,
  "elapsed_sec": 8421.76645064354,
  "wall_clock_start": 1779836171.1858983,
  "wall_clock_end": 1779844766.47548,
  "commit_hash": "54c9b07cb3e9caf52c26c8937ed1d60c69714ea3",
  "cumulative_merged_total": 12102,
  "cumulative_dropped_total": 12090,
  "n_trainable_M": 43.646976,
  "n_lora_components": 4032,
  "aborted": false
}