{
  "model_key": "mistral-7b",
  "model_path": "/mnt/cpfs/public_data/public_model/Mistral/Mistral-7B-v0.3",
  "dataset": "metamathqa-10k",
  "method": "relora_baseline",
  "gate_sign": null,
  "total_steps": 3000,
  "merge_every": 500,
  "final_val_loss": 0.32800639402866366,
  "first_eval_val_loss": 0.21322604930400849,
  "best_val_loss": 0.2118251910209656,
  "best_step": 500,
  "final_mean_effective_rank": 1450.5085014863253,
  "final_mean_condition_number": 18828482.105155412,
  "sampled_layers": 8,
  "elapsed_sec": 13784.61874628067,
  "wall_clock_start": 1778830356.745853,
  "wall_clock_end": 1778844198.6165094,
  "commit_hash": "a6bbaf8cf6365563f6fa2d32a19ffca6d9c5bd5d",
  "cumulative_merged_total": 17920,
  "cumulative_dropped_total": 0,
  "n_trainable_M": 41.94304,
  "n_lora_components": 3584,
  "aborted": true
}