{
  "model_key": "qwen3-8b",
  "model_path": "/mnt/cpfs/public_data/public_model/Qwen3/Qwen3-8B",
  "dataset": "tulu3-sft",
  "method": "relora_diag_gated_S3pos",
  "gate_sign": "S3pos_drops",
  "total_steps": 3000,
  "merge_every": 750,
  "final_val_loss": 1.3298367673158646,
  "first_eval_val_loss": 1.3167113530635834,
  "best_val_loss": 1.3134022419452667,
  "best_step": 500,
  "final_mean_effective_rank": 1926.6791734917902,
  "final_mean_condition_number": 1800893.6591342345,
  "sampled_layers": 8,
  "elapsed_sec": 34308.30026936531,
  "wall_clock_start": 1779869616.3222673,
  "wall_clock_end": 1779904015.7790487,
  "commit_hash": "f960448f356f11b79865bf3e846627b1efdc3752",
  "cumulative_merged_total": 6392,
  "cumulative_dropped_total": 9736,
  "n_trainable_M": 43.646976,
  "n_lora_components": 4032,
  "aborted": false
}