{
  "S1_mag_rho_vs_delta": -0.0918875295011258,
  "S1_mag_rho_vs_abs_delta": 0.06176077638824839,
  "S2_fo_tr_rho_vs_delta": -0.45430716436535284,
  "S2_fo_tr_rho_vs_abs_delta": 0.4684490546076012,
  "S3_fo_val_rho_vs_delta": -0.7785838781433959,
  "S3_fo_val_rho_vs_abs_delta": 0.7353952472669072,
  "S4_fisher_tr_rho_vs_delta": -0.45186060548517487,
  "S4_fisher_tr_rho_vs_abs_delta": 0.5258355261373193,
  "S5_fisher_val_rho_vs_delta": -0.5029874128529963,
  "S5_fisher_val_rho_vs_abs_delta": 0.5682764560670592,
  "S5_fisher_val_kfold_rho_vs_delta": -0.5111493909882538,
  "S5_fisher_val_kfold_rho_vs_abs_delta": 0.5796479532322384
}