{
  "model_key": "mistral-7b",
  "model_path": "/mnt/cpfs/public_data/public_model/Mistral/Mistral-7B-v0.3",
  "dataset": "metamathqa-10k",
  "method": "relora_diag_gated_S3neg",
  "gate_sign": "S3neg_drops",
  "total_steps": 3000,
  "merge_every": 500,
  "final_val_loss": 0.33474008858203885,
  "first_eval_val_loss": 0.21304845976829528,
  "best_val_loss": 0.2123646684885025,
  "best_step": 500,
  "final_mean_effective_rank": 1448.9809346339118,
  "final_mean_condition_number": 85881219.75854225,
  "sampled_layers": 8,
  "elapsed_sec": 11047.470700502396,
  "wall_clock_start": 1778893960.7838278,
  "wall_clock_end": 1778905066.5140045,
  "commit_hash": "181b0374aad3297e6ad20622ce3716b910843378",
  "cumulative_merged_total": 9017,
  "cumulative_dropped_total": 5319,
  "n_trainable_M": 41.94304,
  "n_lora_components": 3584,
  "aborted": true
}