{
  "model_key": "qwen35-4b",
  "model_path": "/mnt/cpfs/junlongke/onlinelora/models/qwen35-4b",
  "dataset": "tulu3-sft",
  "method": "dora",
  "gate_sign": null,
  "total_steps": 800,
  "merge_every": 9999,
  "final_val_loss": 1.3983878350257875,
  "first_eval_val_loss": 1.396184038877487,
  "best_val_loss": 1.3911142990589143,
  "best_step": 500,
  "final_mean_effective_rank": 2357.373767725652,
  "final_mean_condition_number": 31.34728280029776,
  "sampled_layers": 8,
  "elapsed_sec": 34317.65093708038,
  "wall_clock_start": 1779463207.8831968,
  "wall_clock_end": 1779497619.4229176,
  "commit_hash": "6e9bc44009f3dbc801a4859848bfa87bf7157d2e",
  "cumulative_merged_total": 0,
  "cumulative_dropped_total": 0,
  "n_trainable_M": 22.007808,
  "n_lora_components": 2048,
  "aborted": false
}