{
  "model_key": "qwen3-4b",
  "model_path": "/mnt/cpfs/junlongke/onlinelora/models/qwen3-4b",
  "dataset": "tulu3-sft",
  "method": "relora_diag_gated_S3pos",
  "gate_sign": "S3pos_drops",
  "total_steps": 3000,
  "merge_every": 750,
  "final_val_loss": 1.399795005083084,
  "first_eval_val_loss": 1.3857905687093734,
  "best_val_loss": 1.3779335559606551,
  "best_step": 500,
  "final_mean_effective_rank": 1504.1624244661484,
  "final_mean_condition_number": 53.83998201771024,
  "sampled_layers": 8,
  "elapsed_sec": 25119.25959610939,
  "wall_clock_start": 1779475951.1459694,
  "wall_clock_end": 1779501115.1768794,
  "commit_hash": "b8da94cab8f8b05cfc6379ef37ea4a0fc754a0c2",
  "cumulative_merged_total": 6438,
  "cumulative_dropped_total": 9690,
  "n_trainable_M": 33.030144,
  "n_lora_components": 4032,
  "aborted": false
}