{
  "model_key": "acereason-7b",
  "model_path": "/mnt/cpfs/junlongke/onlinelora/models/AceReason-Nemotron-7B",
  "dataset": "metamathqa-10k",
  "method": "relora_random_drop",
  "gate_sign": "random",
  "total_steps": 3000,
  "merge_every": 500,
  "final_val_loss": 0.26149193942546844,
  "first_eval_val_loss": 0.17288321405649185,
  "best_val_loss": 0.1676410190463066,
  "best_step": 500,
  "final_mean_effective_rank": 1465.14685243147,
  "final_mean_condition_number": 114425.32323943981,
  "sampled_layers": 8,
  "elapsed_sec": 14809.891069173813,
  "wall_clock_start": 1779180770.4445198,
  "wall_clock_end": 1779195625.290096,
  "commit_hash": "509fa1d3e85b6c67982439b460c06679a2e9ac55",
  "cumulative_merged_total": 9381,
  "cumulative_dropped_total": 9435,
  "n_trainable_M": 40.370176,
  "n_lora_components": 3136,
  "aborted": true
}