{
  "model_key": "r1-distill-7b",
  "model_path": "/mnt/cpfs/junlongke/onlinelora/models/R1-Distill-Qwen-7B",
  "dataset": "tulu3-sft",
  "method": "relora_diag_gated_S3pos",
  "gate_sign": "S3pos_drops",
  "total_steps": 3000,
  "merge_every": 500,
  "final_val_loss": 1.830943214893341,
  "first_eval_val_loss": 1.856271303653717,
  "best_val_loss": 1.8300739181041719,
  "best_step": 1250,
  "final_mean_effective_rank": 1465.1141093826573,
  "final_mean_condition_number": 60840.49719389234,
  "sampled_layers": 8,
  "elapsed_sec": 29144.690664052963,
  "wall_clock_start": 1779240136.0735009,
  "wall_clock_end": 1779269345.3972528,
  "commit_hash": "b7d07dc9f86be02663555d135e3be0d57805dc43",
  "cumulative_merged_total": 7187,
  "cumulative_dropped_total": 11629,
  "n_trainable_M": 40.370176,
  "n_lora_components": 3136,
  "aborted": false
}