{
  "model_key": "gemma3-12b",
  "model_path": "/mnt/cpfs/junlongke/onlinelora/models/gemma-3-12b-it",
  "dataset": "metamathqa-10k",
  "method": "relora_random_drop",
  "gate_sign": "random",
  "total_steps": 3000,
  "merge_every": 500,
  "final_val_loss": 0.30042734372615815,
  "first_eval_val_loss": 0.17174239188432694,
  "best_val_loss": 0.17105867314338685,
  "best_step": 500,
  "final_mean_effective_rank": 1515.6464235207561,
  "final_mean_condition_number": 1007776.1583745453,
  "sampled_layers": 8,
  "elapsed_sec": 29689.896963596344,
  "wall_clock_start": 1779336550.3893404,
  "wall_clock_end": 1779366318.5698647,
  "commit_hash": "b7d07dc9f86be02663555d135e3be0d57805dc43",
  "cumulative_merged_total": 19933,
  "cumulative_dropped_total": 20099,
  "n_trainable_M": 68.456448,
  "n_lora_components": 6672,
  "aborted": true
}