{
  "model_key": "qwen3-1p7b",
  "model_path": "/mnt/cpfs/junlongke/onlinelora/models/qwen3-1p7b",
  "dataset": "tulu3-sft",
  "method": "cola",
  "gate_sign": null,
  "total_steps": 3000,
  "merge_every": 750,
  "final_val_loss": 1.848250107049942,
  "first_eval_val_loss": 1.5890659656524657,
  "best_val_loss": 1.5772213146686553,
  "best_step": 500,
  "final_mean_effective_rank": 1205.1582768908409,
  "final_mean_condition_number": 9059.990237601258,
  "sampled_layers": 8,
  "elapsed_sec": 12671.502185821533,
  "wall_clock_start": 1779426243.4009514,
  "wall_clock_end": 1779438942.1749432,
  "commit_hash": "04d00874380ee1a0370f524e9cd5ba1979311f27",
  "cumulative_merged_total": 12544,
  "cumulative_dropped_total": 0,
  "n_trainable_M": 17.432576,
  "n_lora_components": 3136,
  "aborted": false
}