{
  "model_key": "qwen3-8b",
  "model_path": "/mnt/cpfs/public_data/public_model/Qwen3/Qwen3-8B",
  "dataset": "metamathqa-10k",
  "method": "lora_vanilla",
  "gate_sign": null,
  "total_steps": 3000,
  "merge_every": 500,
  "final_val_loss": 0.46612621772289276,
  "first_eval_val_loss": 0.1558724936246872,
  "best_val_loss": 0.15536787074804306,
  "best_step": 500,
  "final_mean_effective_rank": 1926.6353918844627,
  "final_mean_condition_number": 434039.1372250143,
  "sampled_layers": 8,
  "elapsed_sec": 17273.02653670311,
  "wall_clock_start": 1778935556.8096538,
  "wall_clock_end": 1778952887.5976334,
  "commit_hash": "528c54f3c6e188a1add113f188e43d3fbf72dbee",
  "cumulative_merged_total": 0,
  "cumulative_dropped_total": 0,
  "n_trainable_M": 43.646976,
  "n_lora_components": 4032,
  "aborted": false
}