{
  "model_key": "olmo2-7b",
  "model_path": "/mnt/cpfs/junlongke/onlinelora/models/OLMo-2-7B",
  "dataset": "metamathqa-10k",
  "method": "cola",
  "gate_sign": null,
  "total_steps": 3000,
  "merge_every": 500,
  "final_val_loss": 0.35910044932365415,
  "first_eval_val_loss": 0.19575632375478744,
  "best_val_loss": 0.19575632375478744,
  "best_step": 250,
  "final_mean_effective_rank": 2337.462423394665,
  "final_mean_condition_number": 212278874.66134924,
  "sampled_layers": 8,
  "elapsed_sec": 10654.830166339874,
  "wall_clock_start": 1779218691.1238408,
  "wall_clock_end": 1779229444.1961644,
  "commit_hash": "b7d07dc9f86be02663555d135e3be0d57805dc43",
  "cumulative_merged_total": 14336,
  "cumulative_dropped_total": 0,
  "n_trainable_M": 39.97696,
  "n_lora_components": 3584,
  "aborted": true
}