{
  "model_key": "acereason-7b",
  "model_path": "/mnt/cpfs/junlongke/onlinelora/models/AceReason-Nemotron-7B",
  "dataset": "metamathqa-10k",
  "method": "relora_baseline",
  "gate_sign": null,
  "total_steps": 3000,
  "merge_every": 500,
  "final_val_loss": 0.3011793463230133,
  "first_eval_val_loss": 0.172901660323143,
  "best_val_loss": 0.1678433614373207,
  "best_step": 500,
  "final_mean_effective_rank": 1465.2502568654106,
  "final_mean_condition_number": 192320.27301996975,
  "sampled_layers": 8,
  "elapsed_sec": 9880.689620256424,
  "wall_clock_start": 1779153617.3381822,
  "wall_clock_end": 1779163543.4993458,
  "commit_hash": "509fa1d3e85b6c67982439b460c06679a2e9ac55",
  "cumulative_merged_total": 12544,
  "cumulative_dropped_total": 0,
  "n_trainable_M": 40.370176,
  "n_lora_components": 3136,
  "aborted": true
}