{
  "model_key": "r1-distill-7b",
  "model_path": "/mnt/cpfs/junlongke/onlinelora/models/R1-Distill-Qwen-7B",
  "dataset": "metamathqa-10k",
  "method": "relora_random_drop",
  "gate_sign": "random",
  "total_steps": 3000,
  "merge_every": 500,
  "final_val_loss": 0.261445965886116,
  "first_eval_val_loss": 0.17229538697004318,
  "best_val_loss": 0.16744022065401076,
  "best_step": 500,
  "final_mean_effective_rank": 1465.1360908794356,
  "final_mean_condition_number": 65319.315577509136,
  "sampled_layers": 8,
  "elapsed_sec": 14823.315014362335,
  "wall_clock_start": 1779220312.8459044,
  "wall_clock_end": 1779235183.4780984,
  "commit_hash": "b7d07dc9f86be02663555d135e3be0d57805dc43",
  "cumulative_merged_total": 9381,
  "cumulative_dropped_total": 9435,
  "n_trainable_M": 40.370176,
  "n_lora_components": 3136,
  "aborted": true
}