{
  "model_key": "qwen3-8b",
  "model_path": "/mnt/cpfs/public_data/public_model/Qwen3/Qwen3-8B",
  "dataset": "tulu3-sft",
  "method": "lora_vanilla",
  "gate_sign": null,
  "total_steps": 3000,
  "merge_every": 500,
  "final_val_loss": 1.764363457918167,
  "first_eval_val_loss": 1.313796384692192,
  "best_val_loss": 1.3136330523490907,
  "best_step": 500,
  "final_mean_effective_rank": 1926.696565086939,
  "final_mean_condition_number": 286853.55546210427,
  "sampled_layers": 8,
  "elapsed_sec": 34110.99687218666,
  "wall_clock_start": 1778752026.0880022,
  "wall_clock_end": 1778786217.318132,
  "commit_hash": "36da8a73e411f1f92be979fffa83f73277c6edcb",
  "cumulative_merged_total": 0,
  "cumulative_dropped_total": 0,
  "n_trainable_M": 43.646976,
  "n_lora_components": 4032,
  "aborted": false
}