{
  "model_key": "qwen3-8b",
  "model_path": "/mnt/cpfs/public_data/public_model/Qwen3/Qwen3-8B",
  "dataset": "tulu3-sft",
  "method": "relora_random_drop",
  "gate_sign": "random",
  "total_steps": 3000,
  "merge_every": 750,
  "final_val_loss": 1.6840613853931428,
  "first_eval_val_loss": 1.3140885002613067,
  "best_val_loss": 1.3121530030965805,
  "best_step": 500,
  "final_mean_effective_rank": 1926.8926827873606,
  "final_mean_condition_number": 67987.58050752932,
  "sampled_layers": 8,
  "elapsed_sec": 34215.08425068855,
  "wall_clock_start": 1779827289.0266397,
  "wall_clock_end": 1779861587.1032073,
  "commit_hash": "87da7d4c3a51a3d20451c331e26382ee68c65396",
  "cumulative_merged_total": 15393,
  "cumulative_dropped_total": 735,
  "n_trainable_M": 43.646976,
  "n_lora_components": 4032,
  "aborted": false
}