{
  "model_key": "qwen3-8b",
  "model_path": "/mnt/cpfs/public_data/public_model/Qwen3/Qwen3-8B",
  "dataset": "tulu3-sft",
  "method": "lora_vanilla",
  "gate_sign": null,
  "total_steps": 3000,
  "merge_every": 750,
  "final_val_loss": 1.782928421974182,
  "first_eval_val_loss": 1.3137376863956451,
  "best_val_loss": 1.3124487603902817,
  "best_step": 500,
  "final_mean_effective_rank": 1926.6859236022256,
  "final_mean_condition_number": 134995.038259374,
  "sampled_layers": 8,
  "elapsed_sec": 33956.25296854973,
  "wall_clock_start": 1779869627.6323452,
  "wall_clock_end": 1779903664.325916,
  "commit_hash": "f960448f356f11b79865bf3e846627b1efdc3752",
  "cumulative_merged_total": 0,
  "cumulative_dropped_total": 0,
  "n_trainable_M": 43.646976,
  "n_lora_components": 4032,
  "aborted": false
}