{
  "model_key": "r1-distill-7b",
  "model_path": "/mnt/cpfs/junlongke/onlinelora/models/R1-Distill-Qwen-7B",
  "dataset": "metamathqa-10k",
  "method": "cola",
  "gate_sign": null,
  "total_steps": 3000,
  "merge_every": 500,
  "final_val_loss": 0.31185055840015413,
  "first_eval_val_loss": 0.17238554006814957,
  "best_val_loss": 0.16749001264572144,
  "best_step": 500,
  "final_mean_effective_rank": 1465.2664134959364,
  "final_mean_condition_number": 125053.82593652958,
  "sampled_layers": 8,
  "elapsed_sec": 9888.60034751892,
  "wall_clock_start": 1779229829.6231346,
  "wall_clock_end": 1779239765.1917036,
  "commit_hash": "b7d07dc9f86be02663555d135e3be0d57805dc43",
  "cumulative_merged_total": 12544,
  "cumulative_dropped_total": 0,
  "n_trainable_M": 40.370176,
  "n_lora_components": 3136,
  "aborted": true
}