{
  "model_key": "llama3-8b",
  "model_path": "/mnt/cpfs/public_data/public_model/Meta-Llama-3-8B",
  "dataset": "metamathqa-10k",
  "method": "dora",
  "gate_sign": null,
  "total_steps": 800,
  "merge_every": 9999,
  "final_val_loss": 0.2288439087867737,
  "first_eval_val_loss": 0.22623336356878282,
  "best_val_loss": 0.21607360917329788,
  "best_step": 500,
  "final_mean_effective_rank": 1622.9052200423894,
  "final_mean_condition_number": 11246263.140504543,
  "sampled_layers": 8,
  "elapsed_sec": 29223.290589571,
  "wall_clock_start": 1779281777.2960947,
  "wall_clock_end": 1779311095.5341148,
  "commit_hash": "b7d07dc9f86be02663555d135e3be0d57805dc43",
  "cumulative_merged_total": 0,
  "cumulative_dropped_total": 0,
  "n_trainable_M": 43.319296,
  "n_lora_components": 3584,
  "aborted": false
}