{
  "model_key": "qwen3-8b",
  "model_path": "/mnt/cpfs/public_data/public_model/Qwen3/Qwen3-8B",
  "dataset": "metamathqa-10k",
  "method": "relora_diag_gated_S3neg",
  "gate_sign": "S3neg_drops",
  "total_steps": 3000,
  "merge_every": 500,
  "final_val_loss": 0.23822191548347474,
  "first_eval_val_loss": 0.15581268727779388,
  "best_val_loss": 0.15536209088563918,
  "best_step": 500,
  "final_mean_effective_rank": 1926.6854411552042,
  "final_mean_condition_number": 138972.00945883832,
  "sampled_layers": 8,
  "elapsed_sec": 11708.492421150208,
  "wall_clock_start": 1778935615.6700742,
  "wall_clock_end": 1778947380.705978,
  "commit_hash": "528c54f3c6e188a1add113f188e43d3fbf72dbee",
  "cumulative_merged_total": 9588,
  "cumulative_dropped_total": 6540,
  "n_trainable_M": 43.646976,
  "n_lora_components": 4032,
  "aborted": true
}