{
  "model_key": "llama3-8b",
  "model_path": "/mnt/cpfs/public_data/public_model/Meta-Llama-3-8B",
  "dataset": "metamathqa-10k",
  "method": "lora_vanilla",
  "gate_sign": null,
  "total_steps": 50,
  "merge_every": 9999,
  "final_val_loss": 0.28238697397708895,
  "first_eval_val_loss": 0.28238697397708895,
  "best_val_loss": 0.28238697397708895,
  "best_step": 50,
  "final_mean_effective_rank": 1622.4404435278516,
  "final_mean_condition_number": 18650353.44958852,
  "sampled_layers": 8,
  "elapsed_sec": 595.3389301300049,
  "wall_clock_start": 1779116704.2925532,
  "wall_clock_end": 1779117421.0726802,
  "commit_hash": "e0621e1f347a98d421630426e26b710251f09bda",
  "cumulative_merged_total": 0,
  "cumulative_dropped_total": 0,
  "n_trainable_M": 41.94304,
  "n_lora_components": 3584,
  "aborted": false
}