{
  "model_key": "llama3-8b",
  "model_path": "/mnt/cpfs/public_data/public_model/Meta-Llama-3-8B",
  "dataset": "tulu3-sft",
  "method": "relora_diag_gated_S3pos",
  "gate_sign": "S3pos_drops",
  "total_steps": 3000,
  "merge_every": 500,
  "final_val_loss": 1.3452448897361755,
  "first_eval_val_loss": 1.3671336846351623,
  "best_val_loss": 1.360536073923111,
  "best_step": 1250,
  "final_mean_effective_rank": 1624.2682979226297,
  "final_mean_condition_number": 7690103.46436808,
  "sampled_layers": 8,
  "elapsed_sec": 31202.156176805496,
  "wall_clock_start": 1779294029.8853734,
  "wall_clock_end": 1779325310.2220109,
  "commit_hash": "b7d07dc9f86be02663555d135e3be0d57805dc43",
  "cumulative_merged_total": 7302,
  "cumulative_dropped_total": 14202,
  "n_trainable_M": 41.94304,
  "n_lora_components": 3584,
  "aborted": false
}