{
  "task": "rte",
  "elapsed_sec": 567.0648577213287,
  "checkpoints": [
    {
      "step": 400,
      "S1_mag_rho_vs_delta": -0.1480057917152701,
      "S1_mag_rho_vs_abs_delta": 0.20525662588503382,
      "S2_fo_tr_rho_vs_delta": -0.6562203293275101,
      "S2_fo_tr_rho_vs_abs_delta": 0.6898041396522258,
      "S3_fo_val_rho_vs_delta": -0.7812169383935113,
      "S3_fo_val_rho_vs_abs_delta": 0.7830005696769119,
      "S4_fisher_tr_rho_vs_delta": -0.536074451346879,
      "S4_fisher_tr_rho_vs_abs_delta": 0.59318456175569,
      "S5_fisher_val_rho_vs_delta": -0.6223279440088979,
      "S5_fisher_val_rho_vs_abs_delta": 0.6566696280823591,
      "S3_fo_val_signed_neg_auc_harmful": 0.15619239148650915,
      "n_harmful": 153,
      "n_total": 192,
      "harmful_rate": 0.796875,
      "baseline_test_loss": 0.6297781435160861,
      "baseline_test_acc": 0.7075812274368231
    },
    {
      "step": 800,
      "S1_mag_rho_vs_delta": 0.14524896237419638,
      "S1_mag_rho_vs_abs_delta": -0.13281440740037437,
      "S2_fo_tr_rho_vs_delta": -0.4221373735181619,
      "S2_fo_tr_rho_vs_abs_delta": 0.5117750183110437,
      "S3_fo_val_rho_vs_delta": -0.670151981661829,
      "S3_fo_val_rho_vs_abs_delta": 0.7016401947752491,
      "S4_fisher_tr_rho_vs_delta": -0.4968854271220466,
      "S4_fisher_tr_rho_vs_abs_delta": 0.5618879364132058,
      "S5_fisher_val_rho_vs_delta": -0.5572796571087542,
      "S5_fisher_val_rho_vs_abs_delta": 0.6242539945202508,
      "S3_fo_val_signed_neg_auc_harmful": 0.1603336422613531,
      "n_harmful": 166,
      "n_total": 192,
      "harmful_rate": 0.8645833333333334,
      "baseline_test_loss": 0.7620992691723448,
      "baseline_test_acc": 0.7364620938628159
    },
    {
      "step": 1200,
      "S1_mag_rho_vs_delta": 0.25431665898054967,
      "S1_mag_rho_vs_abs_delta": -0.27272434419336467,
      "S2_fo_tr_rho_vs_delta": 0.0004798171608387815,
      "S2_fo_tr_rho_vs_abs_delta": 0.22586841819710826,
      "S3_fo_val_rho_vs_delta": -0.5599517130998563,
      "S3_fo_val_rho_vs_abs_delta": 0.5331412934378646,
      "S4_fisher_tr_rho_vs_delta": -0.26351626291945857,
      "S4_fisher_tr_rho_vs_abs_delta": 0.44809836421343907,
      "S5_fisher_val_rho_vs_delta": -0.3393104196619917,
      "S5_fisher_val_rho_vs_abs_delta": 0.5004899899628354,
      "S3_fo_val_signed_neg_auc_harmful": 0.21204323211528567,
      "n_harmful": 134,
      "n_total": 192,
      "harmful_rate": 0.6979166666666666,
      "baseline_test_loss": 0.7827027128061232,
      "baseline_test_acc": 0.7581227436823105
    },
    {
      "step": 1600,
      "S1_mag_rho_vs_delta": 0.191357187423704,
      "S1_mag_rho_vs_abs_delta": -0.25585105661503404,
      "S2_fo_tr_rho_vs_delta": -0.23356583837452188,
      "S2_fo_tr_rho_vs_abs_delta": 0.3436118194395465,
      "S3_fo_val_rho_vs_delta": -0.6876152917559614,
      "S3_fo_val_rho_vs_abs_delta": 0.6999650733798117,
      "S4_fisher_tr_rho_vs_delta": -0.26153256653012513,
      "S4_fisher_tr_rho_vs_abs_delta": 0.3481675392670157,
      "S5_fisher_val_rho_vs_delta": -0.4258707918509075,
      "S5_fisher_val_rho_vs_abs_delta": 0.5510386430838511,
      "S3_fo_val_signed_neg_auc_harmful": 0.20857142857142857,
      "n_harmful": 150,
      "n_total": 192,
      "harmful_rate": 0.78125,
      "baseline_test_loss": 1.0630494599307918,
      "baseline_test_acc": 0.7509025270758123
    },
    {
      "step": 2000,
      "S1_mag_rho_vs_delta": 0.20155881235927625,
      "S1_mag_rho_vs_abs_delta": -0.2274774163795676,
      "S2_fo_tr_rho_vs_delta": -0.16491468410058868,
      "S2_fo_tr_rho_vs_abs_delta": 0.25190740037435916,
      "S3_fo_val_rho_vs_delta": -0.5934863548815887,
      "S3_fo_val_rho_vs_abs_delta": 0.5851717847163823,
      "S4_fisher_tr_rho_vs_delta": -0.23989840761739417,
      "S4_fisher_tr_rho_vs_abs_delta": 0.29932283048042757,
      "S5_fisher_val_rho_vs_delta": -0.3692761034099233,
      "S5_fisher_val_rho_vs_abs_delta": 0.4795238450478801,
      "S3_fo_val_signed_neg_auc_harmful": 0.24108584005869405,
      "n_harmful": 145,
      "n_total": 192,
      "harmful_rate": 0.7552083333333334,
      "baseline_test_loss": 1.1091017817762354,
      "baseline_test_acc": 0.7581227436823105
    }
  ],
  "n_components": 192,
  "n_lora_layers": 24
}