{
  "model_key": "olmo2-7b",
  "model_path": "/mnt/cpfs/junlongke/onlinelora/models/OLMo-2-7B",
  "dataset": "tulu3-sft",
  "method": "cola",
  "gate_sign": null,
  "total_steps": 3000,
  "merge_every": 500,
  "final_val_loss": 1.2466200320720673,
  "first_eval_val_loss": 0.8499609597027302,
  "best_val_loss": 0.8499609597027302,
  "best_step": 250,
  "final_mean_effective_rank": 2339.3160462647834,
  "final_mean_condition_number": 66895311.33943788,
  "sampled_layers": 8,
  "elapsed_sec": 33372.03554034233,
  "wall_clock_start": 1779219220.6281598,
  "wall_clock_end": 1779252712.6051054,
  "commit_hash": "b7d07dc9f86be02663555d135e3be0d57805dc43",
  "cumulative_merged_total": 21504,
  "cumulative_dropped_total": 0,
  "n_trainable_M": 39.97696,
  "n_lora_components": 3584,
  "aborted": false
}