{
  "model_key": "acereason-7b",
  "model_path": "/mnt/cpfs/junlongke/onlinelora/models/AceReason-Nemotron-7B",
  "dataset": "metamathqa-10k",
  "method": "lora_vanilla",
  "gate_sign": null,
  "total_steps": 50,
  "merge_every": 9999,
  "final_val_loss": 0.2551358824968338,
  "first_eval_val_loss": 0.2551358824968338,
  "best_val_loss": 0.2551358824968338,
  "best_step": 50,
  "final_mean_effective_rank": 1464.9258525277637,
  "final_mean_condition_number": 122995.61762443355,
  "sampled_layers": 8,
  "elapsed_sec": 504.6290466785431,
  "wall_clock_start": 1779116744.498119,
  "wall_clock_end": 1779117335.233618,
  "commit_hash": "e0621e1f347a98d421630426e26b710251f09bda",
  "cumulative_merged_total": 0,
  "cumulative_dropped_total": 0,
  "n_trainable_M": 40.370176,
  "n_lora_components": 3136,
  "aborted": false
}