{
  "model_key": "qwen3-1p7b",
  "model_path": "/mnt/cpfs/junlongke/onlinelora/models/qwen3-1p7b",
  "dataset": "tulu3-sft",
  "method": "dora",
  "gate_sign": null,
  "total_steps": 800,
  "merge_every": 9999,
  "final_val_loss": 1.5693117582798004,
  "first_eval_val_loss": 1.5872900698184966,
  "best_val_loss": 1.5694209384918212,
  "best_step": 750,
  "final_mean_effective_rank": 1204.8289652187132,
  "final_mean_condition_number": 42125.79479860269,
  "sampled_layers": 8,
  "elapsed_sec": 14038.917963504791,
  "wall_clock_start": 1779368628.171601,
  "wall_clock_end": 1779382703.568816,
  "commit_hash": "3f3ae2adb0514be6259b51537f75d55ee94f5d34",
  "cumulative_merged_total": 0,
  "cumulative_dropped_total": 0,
  "n_trainable_M": 18.006016,
  "n_lora_components": 3136,
  "aborted": false
}