{
  "model_key": "qwen3-8b",
  "model_path": "/mnt/cpfs/public_data/public_model/Qwen3/Qwen3-8B",
  "dataset": "tulu3-sft",
  "method": "relora_baseline",
  "gate_sign": null,
  "total_steps": 3000,
  "merge_every": 750,
  "final_val_loss": 1.6943389852046966,
  "first_eval_val_loss": 1.3140710282325745,
  "best_val_loss": 1.3140710282325745,
  "best_step": 250,
  "final_mean_effective_rank": 1926.8750430984155,
  "final_mean_condition_number": 161815.80814706936,
  "sampled_layers": 8,
  "elapsed_sec": 34195.83905506134,
  "wall_clock_start": 1779869626.3529172,
  "wall_clock_end": 1779903904.2140641,
  "commit_hash": "f960448f356f11b79865bf3e846627b1efdc3752",
  "cumulative_merged_total": 16128,
  "cumulative_dropped_total": 0,
  "n_trainable_M": 43.646976,
  "n_lora_components": 4032,
  "aborted": false
}