{
  "model_key": "qwen3-8b",
  "model_path": "/mnt/cpfs/public_data/public_model/Qwen3/Qwen3-8B",
  "dataset": "metamathqa-10k",
  "method": "relora_diag_gated_S3pos",
  "gate_sign": "S3pos_drops",
  "total_steps": 3000,
  "merge_every": 500,
  "final_val_loss": 0.1546348710656166,
  "first_eval_val_loss": 0.15614659667015077,
  "best_val_loss": 0.15538189613819123,
  "best_step": 750,
  "final_mean_effective_rank": 1926.669899107333,
  "final_mean_condition_number": 1688073.5667951787,
  "sampled_layers": 8,
  "elapsed_sec": 17562.782193899155,
  "wall_clock_start": 1778935558.3790581,
  "wall_clock_end": 1778953178.1820147,
  "commit_hash": "528c54f3c6e188a1add113f188e43d3fbf72dbee",
  "cumulative_merged_total": 7763,
  "cumulative_dropped_total": 16429,
  "n_trainable_M": 43.646976,
  "n_lora_components": 4032,
  "aborted": false
}