{
  "model_key": "llama3-8b",
  "model_path": "/mnt/cpfs/public_data/public_model/Meta-Llama-3-8B",
  "dataset": "metamathqa-10k",
  "method": "lora_vanilla",
  "gate_sign": null,
  "total_steps": 3000,
  "merge_every": 9999,
  "final_val_loss": 0.560820531129837,
  "first_eval_val_loss": 0.2270339527130127,
  "best_val_loss": 0.2208816711306572,
  "best_step": 500,
  "final_mean_effective_rank": 1623.3993872615547,
  "final_mean_condition_number": 45605787.69443669,
  "sampled_layers": 8,
  "elapsed_sec": 14805.954198122025,
  "wall_clock_start": 1779119892.7188625,
  "wall_clock_end": 1779134754.2540798,
  "commit_hash": "f99eeef57458b9d4e6338b8a6dcf82041e829496",
  "cumulative_merged_total": 0,
  "cumulative_dropped_total": 0,
  "n_trainable_M": 41.94304,
  "n_lora_components": 3584,
  "aborted": false
}