{
  "model_key": "qwen35-0p8b",
  "model_path": "/mnt/cpfs/junlongke/onlinelora/models/qwen35-0p8b",
  "dataset": "tulu3-sft",
  "method": "lora_vanilla",
  "gate_sign": null,
  "total_steps": 50,
  "merge_every": 9999,
  "final_val_loss": 1.8892754426002503,
  "first_eval_val_loss": 1.9257227687835694,
  "best_val_loss": 1.8892754426002503,
  "best_step": 50,
  "final_mean_effective_rank": 928.7898887342801,
  "final_mean_condition_number": 30.276748163281706,
  "sampled_layers": 8,
  "elapsed_sec": 909.2162265777588,
  "wall_clock_start": 1779372683.6802466,
  "wall_clock_end": 1779373656.5310142,
  "commit_hash": "3f3ae2adb0514be6259b51537f75d55ee94f5d34",
  "cumulative_merged_total": 0,
  "cumulative_dropped_total": 0,
  "n_trainable_M": 6.38976,
  "n_lora_components": 1536,
  "aborted": false
}