{
  "model_key": "r1-distill-7b",
  "model_path": "/mnt/cpfs/junlongke/onlinelora/models/R1-Distill-Qwen-7B",
  "dataset": "metamathqa-10k",
  "method": "dora",
  "gate_sign": null,
  "total_steps": 800,
  "merge_every": 9999,
  "final_val_loss": 0.1741798950433731,
  "first_eval_val_loss": 0.17187757182121277,
  "best_val_loss": 0.16579915219545363,
  "best_step": 500,
  "final_mean_effective_rank": 1464.9838906841237,
  "final_mean_condition_number": 229903.02497971416,
  "sampled_layers": 8,
  "elapsed_sec": 29197.99157834053,
  "wall_clock_start": 1779229814.343031,
  "wall_clock_end": 1779259101.2269545,
  "commit_hash": "b7d07dc9f86be02663555d135e3be0d57805dc43",
  "cumulative_merged_total": 0,
  "cumulative_dropped_total": 0,
  "n_trainable_M": 41.760768,
  "n_lora_components": 3136,
  "aborted": false
}