{
  "S1_mag_rho_vs_delta": -0.054017578601850094,
  "S1_mag_rho_vs_abs_delta": 0.1276822287930988,
  "S2_fo_tr_rho_vs_delta": -0.3881364783115862,
  "S2_fo_tr_rho_vs_abs_delta": 0.5400859262675312,
  "S3_fo_val_rho_vs_delta": -0.3290867536554269,
  "S3_fo_val_rho_vs_abs_delta": 0.4222272332691317,
  "S4_fisher_tr_rho_vs_delta": -0.5386379974500177,
  "S4_fisher_tr_rho_vs_abs_delta": 0.6736565119496516,
  "S5_fisher_val_rho_vs_delta": -0.4589951306187777,
  "S5_fisher_val_rho_vs_abs_delta": 0.5564827876190218,
  "S5_fisher_val_kfold_rho_vs_delta": -0.43881059599055966,
  "S5_fisher_val_kfold_rho_vs_abs_delta": 0.558000230583512
}