{
  "model_key": "qwen35-4b",
  "model_path": "/mnt/cpfs/junlongke/onlinelora/models/qwen35-4b",
  "dataset": "tulu3-sft",
  "method": "cola",
  "gate_sign": null,
  "total_steps": 3000,
  "merge_every": 750,
  "final_val_loss": 1.9428975102901458,
  "first_eval_val_loss": 1.3989248836040498,
  "best_val_loss": 1.3967098115682601,
  "best_step": 500,
  "final_mean_effective_rank": 2357.310895665362,
  "final_mean_condition_number": 29.927824501934147,
  "sampled_layers": 8,
  "elapsed_sec": 60723.80479645729,
  "wall_clock_start": 1779474653.8044825,
  "wall_clock_end": 1779535459.1147854,
  "commit_hash": "b8da94cab8f8b05cfc6379ef37ea4a0fc754a0c2",
  "cumulative_merged_total": 8192,
  "cumulative_dropped_total": 0,
  "n_trainable_M": 21.233664,
  "n_lora_components": 2048,
  "aborted": false
}