{
  "S3_fo_val_signed_neg_auc_harmful": 0.16312056737588654,
  "n_harmful": 141,
  "n_total": 192,
  "harmful_rate": 0.734375,
  "baseline_test_loss": 1.201512495748403,
  "baseline_test_acc": 0.7653429602888087
}