{
  "model_key": "qwen35-0p8b",
  "model_path": "/mnt/cpfs/junlongke/onlinelora/models/qwen35-0p8b",
  "dataset": "tulu3-sft",
  "method": "relora_baseline",
  "gate_sign": null,
  "total_steps": 3000,
  "merge_every": 750,
  "final_val_loss": 2.30099417257309,
  "first_eval_val_loss": 1.8300405151844024,
  "best_val_loss": 1.8273594275712968,
  "best_step": 500,
  "final_mean_effective_rank": 929.7247945621727,
  "final_mean_condition_number": 27.20228064859221,
  "sampled_layers": 8,
  "elapsed_sec": 33588.29511928558,
  "wall_clock_start": 1779386114.7731295,
  "wall_clock_end": 1779419738.4530077,
  "commit_hash": "04d00874380ee1a0370f524e9cd5ba1979311f27",
  "cumulative_merged_total": 6144,
  "cumulative_dropped_total": 0,
  "n_trainable_M": 6.38976,
  "n_lora_components": 1536,
  "aborted": false
}