{
  "model_key": "qwen3-1p7b",
  "model_path": "/mnt/cpfs/junlongke/onlinelora/models/qwen3-1p7b",
  "dataset": "tulu3-sft",
  "method": "relora_baseline",
  "gate_sign": null,
  "total_steps": 3000,
  "merge_every": 750,
  "final_val_loss": 1.8557478799819946,
  "first_eval_val_loss": 1.589018763065338,
  "best_val_loss": 1.5777591829299926,
  "best_step": 500,
  "final_mean_effective_rank": 1205.156560210752,
  "final_mean_condition_number": 15566.322507905326,
  "sampled_layers": 8,
  "elapsed_sec": 12603.349699497223,
  "wall_clock_start": 1779368631.3961928,
  "wall_clock_end": 1779381260.554709,
  "commit_hash": "3f3ae2adb0514be6259b51537f75d55ee94f5d34",
  "cumulative_merged_total": 12544,
  "cumulative_dropped_total": 0,
  "n_trainable_M": 17.432576,
  "n_lora_components": 3136,
  "aborted": false
}