{
  "model_key": "llama3-8b",
  "model_path": "/mnt/cpfs/public_data/public_model/Meta-Llama-3-8B",
  "dataset": "tulu3-sft",
  "method": "relora_random_drop",
  "gate_sign": "random",
  "total_steps": 3000,
  "merge_every": 500,
  "final_val_loss": 1.5106691958904266,
  "first_eval_val_loss": 1.3658726191520691,
  "best_val_loss": 1.3492241463661194,
  "best_step": 750,
  "final_mean_effective_rank": 1624.4146476756093,
  "final_mean_condition_number": 54043571.45218262,
  "sampled_layers": 8,
  "elapsed_sec": 31098.025715827942,
  "wall_clock_start": 1779299388.969933,
  "wall_clock_end": 1779330564.7937677,
  "commit_hash": "b7d07dc9f86be02663555d135e3be0d57805dc43",
  "cumulative_merged_total": 10735,
  "cumulative_dropped_total": 10769,
  "n_trainable_M": 41.94304,
  "n_lora_components": 3584,
  "aborted": false
}