{
  "model_key": "qwen3-8b",
  "model_path": "/mnt/cpfs/public_data/public_model/Qwen3/Qwen3-8B",
  "dataset": "tulu3-sft",
  "method": "dora",
  "gate_sign": null,
  "total_steps": 800,
  "merge_every": 500,
  "final_val_loss": 1.3088527587652206,
  "first_eval_val_loss": 1.3118156061172486,
  "best_val_loss": 1.3053623554706573,
  "best_step": 500,
  "final_mean_effective_rank": 1926.565622160103,
  "final_mean_condition_number": 117896.22699206704,
  "sampled_layers": 8,
  "elapsed_sec": 57760.16430521011,
  "wall_clock_start": 1778752026.9424384,
  "wall_clock_end": 1778809909.5270927,
  "commit_hash": "36da8a73e411f1f92be979fffa83f73277c6edcb",
  "cumulative_merged_total": 0,
  "cumulative_dropped_total": 0,
  "n_trainable_M": 45.047808,
  "n_lora_components": 4032,
  "aborted": false
}