{
  "model_key": "r1-distill-7b",
  "model_path": "/mnt/cpfs/junlongke/onlinelora/models/R1-Distill-Qwen-7B",
  "dataset": "tulu3-sft",
  "method": "dora",
  "gate_sign": null,
  "total_steps": 800,
  "merge_every": 9999,
  "final_val_loss": 1.8358696125745773,
  "first_eval_val_loss": 1.8551381890773773,
  "best_val_loss": 1.83151659822464,
  "best_step": 500,
  "final_mean_effective_rank": 1464.9625288277794,
  "final_mean_condition_number": 89447.4585196288,
  "sampled_layers": 8,
  "elapsed_sec": 53995.02666282654,
  "wall_clock_start": 1779259022.5321317,
  "wall_clock_end": 1779313126.8997571,
  "commit_hash": "b7d07dc9f86be02663555d135e3be0d57805dc43",
  "cumulative_merged_total": 0,
  "cumulative_dropped_total": 0,
  "n_trainable_M": 41.760768,
  "n_lora_components": 3136,
  "aborted": false
}