{
  "model_key": "qwen3-4b",
  "model_path": "/mnt/cpfs/junlongke/onlinelora/models/qwen3-4b",
  "dataset": "tulu3-sft",
  "method": "lora_vanilla",
  "gate_sign": null,
  "total_steps": 3000,
  "merge_every": 9999,
  "final_val_loss": 1.7843322763442993,
  "first_eval_val_loss": 1.3863279168605804,
  "best_val_loss": 1.3772742444276809,
  "best_step": 500,
  "final_mean_effective_rank": 1504.2996649742695,
  "final_mean_condition_number": 53.78593187571451,
  "sampled_layers": 8,
  "elapsed_sec": 24382.220050096512,
  "wall_clock_start": 1779474770.6583102,
  "wall_clock_end": 1779499197.9187672,
  "commit_hash": "b8da94cab8f8b05cfc6379ef37ea4a0fc754a0c2",
  "cumulative_merged_total": 0,
  "cumulative_dropped_total": 0,
  "n_trainable_M": 33.030144,
  "n_lora_components": 4032,
  "aborted": false
}