{
  "S1_mag_rho_vs_delta": 0.15440448417112013,
  "S1_mag_rho_vs_abs_delta": 0.012651574749749072,
  "S2_fo_tr_rho_vs_delta": 0.28410092775954215,
  "S2_fo_tr_rho_vs_abs_delta": 0.4300501180045032,
  "S3_fo_val_rho_vs_delta": 0.347443574858259,
  "S3_fo_val_rho_vs_abs_delta": 0.43942435504435345,
  "S4_fisher_tr_rho_vs_delta": 0.3848743998046822,
  "S4_fisher_tr_rho_vs_abs_delta": 0.5975130890052356,
  "S5_fisher_val_rho_vs_delta": 0.30076058649594445,
  "S5_fisher_val_rho_vs_abs_delta": 0.5786764506415648
}