{
  "model_key": "qwen3-14b",
  "model_path": "/mnt/cpfs/junlongke/onlinelora/models/qwen3-14b",
  "dataset": "tulu3-sft",
  "method": "lora_vanilla",
  "gate_sign": null,
  "total_steps": 3000,
  "merge_every": 9999,
  "final_val_loss": 1.7678552153110505,
  "first_eval_val_loss": 1.24185298538208,
  "best_val_loss": 1.24185298538208,
  "best_step": 250,
  "final_mean_effective_rank": 2228.5027699995567,
  "final_mean_condition_number": 360584.0449754795,
  "sampled_layers": 8,
  "elapsed_sec": 53128.18631219864,
  "wall_clock_start": 1779528826.9946063,
  "wall_clock_end": 1779582081.1510959,
  "commit_hash": "af4ae22241dae74f55e067f175b5b7267eaab954",
  "cumulative_merged_total": 0,
  "cumulative_dropped_total": 0,
  "n_trainable_M": 64.22528,
  "n_lora_components": 4480,
  "aborted": false
}