{
  "model_key": "olmo2-7b",
  "model_path": "/mnt/cpfs/junlongke/onlinelora/models/OLMo-2-7B",
  "dataset": "metamathqa-10k",
  "method": "lora_vanilla",
  "gate_sign": null,
  "total_steps": 3000,
  "merge_every": 9999,
  "final_val_loss": 0.5219039056301117,
  "first_eval_val_loss": 0.19581679958105086,
  "best_val_loss": 0.19581679958105086,
  "best_step": 250,
  "final_mean_effective_rank": 2336.2534768450373,
  "final_mean_condition_number": 551137504.4026144,
  "sampled_layers": 8,
  "elapsed_sec": 15477.159413099289,
  "wall_clock_start": 1779119890.573441,
  "wall_clock_end": 1779135460.4606867,
  "commit_hash": "f99eeef57458b9d4e6338b8a6dcf82041e829496",
  "cumulative_merged_total": 0,
  "cumulative_dropped_total": 0,
  "n_trainable_M": 39.97696,
  "n_lora_components": 3584,
  "aborted": false
}