{
  "model_key": "acereason-7b",
  "model_path": "/mnt/cpfs/junlongke/onlinelora/models/AceReason-Nemotron-7B",
  "dataset": "metamathqa-10k",
  "method": "lora_vanilla",
  "gate_sign": null,
  "total_steps": 3000,
  "merge_every": 9999,
  "final_val_loss": 0.4777662326097488,
  "first_eval_val_loss": 0.17286197382211685,
  "best_val_loss": 0.16773203653097152,
  "best_step": 500,
  "final_mean_effective_rank": 1465.0376925531834,
  "final_mean_condition_number": 75130.03501165724,
  "sampled_layers": 8,
  "elapsed_sec": 14595.15510725975,
  "wall_clock_start": 1779119891.1764598,
  "wall_clock_end": 1779134532.3835459,
  "commit_hash": "f99eeef57458b9d4e6338b8a6dcf82041e829496",
  "cumulative_merged_total": 0,
  "cumulative_dropped_total": 0,
  "n_trainable_M": 40.370176,
  "n_lora_components": 3136,
  "aborted": false
}