{
  "model_key": "qwen35-2b",
  "model_path": "/mnt/cpfs/junlongke/onlinelora/models/qwen35-2b",
  "dataset": "tulu3-sft",
  "method": "dora",
  "gate_sign": null,
  "total_steps": 800,
  "merge_every": 9999,
  "final_val_loss": 1.5917218483686446,
  "first_eval_val_loss": 1.5967504844665528,
  "best_val_loss": 1.5900980322360991,
  "best_step": 500,
  "final_mean_effective_rank": 1836.7086084987936,
  "final_mean_condition_number": 40.4245487000235,
  "sampled_layers": 8,
  "elapsed_sec": 15845.278403282166,
  "wall_clock_start": 1779426247.7224889,
  "wall_clock_end": 1779442156.4863956,
  "commit_hash": "04d00874380ee1a0370f524e9cd5ba1979311f27",
  "cumulative_merged_total": 0,
  "cumulative_dropped_total": 0,
  "n_trainable_M": 11.298816,
  "n_lora_components": 1536,
  "aborted": false
}