{
  "model_key": "llama3-8b",
  "model_path": "/mnt/cpfs/public_data/public_model/Meta-Llama-3-8B",
  "dataset": "metamathqa-10k",
  "method": "cola",
  "gate_sign": null,
  "total_steps": 3000,
  "merge_every": 500,
  "final_val_loss": 0.39089278507232667,
  "first_eval_val_loss": 0.2273032547235489,
  "best_val_loss": 0.22025542664527892,
  "best_step": 500,
  "final_mean_effective_rank": 1624.761445964481,
  "final_mean_condition_number": 30831079.80047876,
  "sampled_layers": 8,
  "elapsed_sec": 10046.53583574295,
  "wall_clock_start": 1779282866.238451,
  "wall_clock_end": 1779292967.871186,
  "commit_hash": "b7d07dc9f86be02663555d135e3be0d57805dc43",
  "cumulative_merged_total": 14336,
  "cumulative_dropped_total": 0,
  "n_trainable_M": 41.94304,
  "n_lora_components": 3584,
  "aborted": true
}