{
  "model_key": "qwen35-2b",
  "model_path": "/mnt/cpfs/junlongke/onlinelora/models/qwen35-2b",
  "dataset": "tulu3-sft",
  "method": "relora_diag_gated_S3pos",
  "gate_sign": "S3pos_drops",
  "total_steps": 3000,
  "merge_every": 750,
  "final_val_loss": 1.6016465212106705,
  "first_eval_val_loss": 1.598031670808792,
  "best_val_loss": 1.598031670808792,
  "best_step": 250,
  "final_mean_effective_rank": 1836.8323162212273,
  "final_mean_condition_number": 40.157529843458576,
  "sampled_layers": 8,
  "elapsed_sec": 39894.0289273262,
  "wall_clock_start": 1779424452.318634,
  "wall_clock_end": 1779464394.5504014,
  "commit_hash": "04d00874380ee1a0370f524e9cd5ba1979311f27",
  "cumulative_merged_total": 1901,
  "cumulative_dropped_total": 4243,
  "n_trainable_M": 10.911744,
  "n_lora_components": 1536,
  "aborted": false
}