{
  "model_key": "r1-distill-7b",
  "model_path": "/mnt/cpfs/junlongke/onlinelora/models/R1-Distill-Qwen-7B",
  "dataset": "metamathqa-10k",
  "method": "lora_vanilla",
  "gate_sign": null,
  "total_steps": 3000,
  "merge_every": 9999,
  "final_val_loss": 0.4722326624393463,
  "first_eval_val_loss": 0.17240010476112366,
  "best_val_loss": 0.16737619966268538,
  "best_step": 500,
  "final_mean_effective_rank": 1465.0343611157061,
  "final_mean_condition_number": 681564.3587737093,
  "sampled_layers": 8,
  "elapsed_sec": 14635.45657491684,
  "wall_clock_start": 1779119928.994513,
  "wall_clock_end": 1779134609.6338046,
  "commit_hash": "f99eeef57458b9d4e6338b8a6dcf82041e829496",
  "cumulative_merged_total": 0,
  "cumulative_dropped_total": 0,
  "n_trainable_M": 40.370176,
  "n_lora_components": 3136,
  "aborted": false
}