{
  "model_key": "qwen25-7b",
  "model_path": "/mnt/cpfs/public_data/public_model/Qwen2.5/Qwen2.5-7B-Instruct",
  "dataset": "metamathqa-10k",
  "method": "relora_diag_gated_S3neg",
  "gate_sign": "S3neg_drops",
  "total_steps": 3000,
  "merge_every": 500,
  "final_val_loss": 0.20695535963773729,
  "first_eval_val_loss": 0.13500128918886184,
  "best_val_loss": 0.13500128918886184,
  "best_step": 250,
  "final_mean_effective_rank": 1457.1223380573474,
  "final_mean_condition_number": 169138.81471109096,
  "sampled_layers": 8,
  "elapsed_sec": 7383.581009149551,
  "wall_clock_start": 1778893960.7844427,
  "wall_clock_end": 1778901390.605481,
  "commit_hash": "181b0374aad3297e6ad20622ce3716b910843378",
  "cumulative_merged_total": 6022,
  "cumulative_dropped_total": 3386,
  "n_trainable_M": 40.370176,
  "n_lora_components": 3136,
  "aborted": true
}