{
  "model_key": "qwen3-8b",
  "model_path": "/mnt/cpfs/public_data/public_model/Qwen3/Qwen3-8B",
  "dataset": "tulu3-sft",
  "method": "relora_random_drop",
  "gate_sign": "random",
  "total_steps": 3000,
  "merge_every": 500,
  "final_val_loss": 1.4112720067501068,
  "first_eval_val_loss": 1.3147938549518585,
  "best_val_loss": 1.309806904911995,
  "best_step": 750,
  "final_mean_effective_rank": 1926.729301158302,
  "final_mean_condition_number": 228823.4074212938,
  "sampled_layers": 8,
  "elapsed_sec": 34260.10882759094,
  "wall_clock_start": 1778752014.3820267,
  "wall_clock_end": 1778786354.7730281,
  "commit_hash": "36da8a73e411f1f92be979fffa83f73277c6edcb",
  "cumulative_merged_total": 12078,
  "cumulative_dropped_total": 12114,
  "n_trainable_M": 43.646976,
  "n_lora_components": 4032,
  "aborted": false
}