{
  "model_key": "olmo2-7b",
  "model_path": "/mnt/cpfs/junlongke/onlinelora/models/OLMo-2-7B",
  "dataset": "metamathqa-10k",
  "method": "relora_random_drop",
  "gate_sign": "random",
  "total_steps": 3000,
  "merge_every": 500,
  "final_val_loss": 0.32466720658540726,
  "first_eval_val_loss": 0.19582519429922104,
  "best_val_loss": 0.19582519429922104,
  "best_step": 250,
  "final_mean_effective_rank": 2337.2655678676583,
  "final_mean_condition_number": 64248190.71235859,
  "sampled_layers": 8,
  "elapsed_sec": 15853.594725131989,
  "wall_clock_start": 1779133361.251306,
  "wall_clock_end": 1779149306.0629401,
  "commit_hash": "509fa1d3e85b6c67982439b460c06679a2e9ac55",
  "cumulative_merged_total": 10735,
  "cumulative_dropped_total": 10769,
  "n_trainable_M": 39.97696,
  "n_lora_components": 3584,
  "aborted": true
}