{
  "model_key": "llama3-8b",
  "model_path": "/mnt/cpfs/public_data/public_model/Meta-Llama-3-8B",
  "dataset": "metamathqa-10k",
  "method": "relora_baseline",
  "gate_sign": null,
  "total_steps": 3000,
  "merge_every": 500,
  "final_val_loss": 0.38759515011310575,
  "first_eval_val_loss": 0.22758752346038819,
  "best_val_loss": 0.22036862063407897,
  "best_step": 500,
  "final_mean_effective_rank": 1624.7734729131857,
  "final_mean_condition_number": 20998954.39583519,
  "sampled_layers": 8,
  "elapsed_sec": 10033.264932394028,
  "wall_clock_start": 1779271319.4427602,
  "wall_clock_end": 1779281408.3621929,
  "commit_hash": "b7d07dc9f86be02663555d135e3be0d57805dc43",
  "cumulative_merged_total": 14336,
  "cumulative_dropped_total": 0,
  "n_trainable_M": 41.94304,
  "n_lora_components": 3584,
  "aborted": true
}