{
  "model_key": "qwen25-7b",
  "model_path": "/mnt/cpfs/public_data/public_model/Qwen2.5/Qwen2.5-7B-Instruct",
  "dataset": "metamathqa-10k",
  "method": "dora",
  "gate_sign": null,
  "total_steps": 800,
  "merge_every": 500,
  "final_val_loss": 0.15258497032523155,
  "first_eval_val_loss": 0.13781239977478982,
  "best_val_loss": 0.1345161092877388,
  "best_step": 300,
  "final_mean_effective_rank": 1456.9256833768445,
  "final_mean_condition_number": 239510.75018857577,
  "sampled_layers": 8,
  "elapsed_sec": 30036.465554714203,
  "wall_clock_start": 1779004688.5874794,
  "wall_clock_end": 1779034810.5688543,
  "commit_hash": "2098cf4b1819ca81f9e62b0384710d0962c8d847",
  "cumulative_merged_total": 0,
  "cumulative_dropped_total": 0,
  "n_trainable_M": 41.760768,
  "n_lora_components": 3136,
  "aborted": false
}