{
  "model_key": "qwen3-1p7b",
  "model_path": "/mnt/cpfs/junlongke/onlinelora/models/qwen3-1p7b",
  "dataset": "tulu3-sft",
  "method": "lora_vanilla",
  "gate_sign": null,
  "total_steps": 3000,
  "merge_every": 9999,
  "final_val_loss": 1.8752235972881317,
  "first_eval_val_loss": 1.5892502377033233,
  "best_val_loss": 1.5788303503990173,
  "best_step": 500,
  "final_mean_effective_rank": 1205.0878751615983,
  "final_mean_condition_number": 23956.916246034405,
  "sampled_layers": 8,
  "elapsed_sec": 12466.108380556107,
  "wall_clock_start": 1779368628.5969768,
  "wall_clock_end": 1779381119.6726944,
  "commit_hash": "3f3ae2adb0514be6259b51537f75d55ee94f5d34",
  "cumulative_merged_total": 0,
  "cumulative_dropped_total": 0,
  "n_trainable_M": 17.432576,
  "n_lora_components": 3136,
  "aborted": false
}