{
  "model_key": "qwen3-8b",
  "model_path": "/mnt/cpfs/public_data/public_model/Qwen3/Qwen3-8B",
  "dataset": "tulu3-sft",
  "method": "relora_random_drop",
  "gate_sign": "random",
  "total_steps": 3000,
  "merge_every": 750,
  "final_val_loss": 1.6217265267372132,
  "first_eval_val_loss": 1.3153584189414977,
  "best_val_loss": 1.3125490797758101,
  "best_step": 500,
  "final_mean_effective_rank": 1926.8540039947202,
  "final_mean_condition_number": 203456.52823956768,
  "sampled_layers": 8,
  "elapsed_sec": 34272.26395320892,
  "wall_clock_start": 1779827291.6435466,
  "wall_clock_end": 1779861647.191887,
  "commit_hash": "87da7d4c3a51a3d20451c331e26382ee68c65396",
  "cumulative_merged_total": 13751,
  "cumulative_dropped_total": 2377,
  "n_trainable_M": 43.646976,
  "n_lora_components": 4032,
  "aborted": false
}