{
  "model_key": "llama3-8b",
  "model_path": "/mnt/cpfs/public_data/public_model/Meta-Llama-3-8B",
  "dataset": "metamathqa-10k",
  "method": "relora_random_drop",
  "gate_sign": "random",
  "total_steps": 3000,
  "merge_every": 500,
  "final_val_loss": 0.3470801577568054,
  "first_eval_val_loss": 0.22834257382154466,
  "best_val_loss": 0.2213011413216591,
  "best_step": 500,
  "final_mean_effective_rank": 1624.0965263311286,
  "final_mean_condition_number": 4552188.180564213,
  "sampled_layers": 8,
  "elapsed_sec": 15103.254994869232,
  "wall_clock_start": 1779278507.6785953,
  "wall_clock_end": 1779293666.7042384,
  "commit_hash": "b7d07dc9f86be02663555d135e3be0d57805dc43",
  "cumulative_merged_total": 10735,
  "cumulative_dropped_total": 10769,
  "n_trainable_M": 41.94304,
  "n_lora_components": 3584,
  "aborted": true
}