{
  "model_key": "r1-distill-7b",
  "model_path": "/mnt/cpfs/junlongke/onlinelora/models/R1-Distill-Qwen-7B",
  "dataset": "tulu3-sft",
  "method": "cola",
  "gate_sign": null,
  "total_steps": 3000,
  "merge_every": 500,
  "final_val_loss": 2.1701520483493804,
  "first_eval_val_loss": 1.8564411668777465,
  "best_val_loss": 1.8332780106067657,
  "best_step": 500,
  "final_mean_effective_rank": 1465.3945141932609,
  "final_mean_condition_number": 94166.69202749086,
  "sampled_layers": 8,
  "elapsed_sec": 29023.5608856678,
  "wall_clock_start": 1779269930.1410985,
  "wall_clock_end": 1779299018.5942423,
  "commit_hash": "b7d07dc9f86be02663555d135e3be0d57805dc43",
  "cumulative_merged_total": 18816,
  "cumulative_dropped_total": 0,
  "n_trainable_M": 40.370176,
  "n_lora_components": 3136,
  "aborted": false
}