{
  "S1_mag_rho_vs_delta": -0.08616024197705016,
  "S1_mag_rho_vs_abs_delta": 0.1795855600466593,
  "S2_fo_tr_rho_vs_delta": -0.03443493475842987,
  "S2_fo_tr_rho_vs_abs_delta": 0.22916271057700138,
  "S3_fo_val_rho_vs_delta": -0.61681598079375,
  "S3_fo_val_rho_vs_abs_delta": 0.6858248786045631,
  "S4_fisher_tr_rho_vs_delta": -0.21269124867753578,
  "S4_fisher_tr_rho_vs_abs_delta": 0.4964954697121776,
  "S5_fisher_val_rho_vs_delta": -0.3734299975585275,
  "S5_fisher_val_rho_vs_abs_delta": 0.6178875159373898
}