{
  "model_key": "qwen3-8b",
  "model_path": "/mnt/cpfs/public_data/public_model/Qwen3/Qwen3-8B",
  "dataset": "tulu3-sft",
  "method": "relora_random_drop",
  "gate_sign": "random",
  "total_steps": 3000,
  "merge_every": 750,
  "final_val_loss": 1.594209213256836,
  "first_eval_val_loss": 1.3146167303323746,
  "best_val_loss": 1.313392822265625,
  "best_step": 500,
  "final_mean_effective_rank": 1926.8399512657338,
  "final_mean_condition_number": 213892.2863616927,
  "sampled_layers": 8,
  "elapsed_sec": 34262.36672616005,
  "wall_clock_start": 1779827291.3819454,
  "wall_clock_end": 1779861637.210995,
  "commit_hash": "87da7d4c3a51a3d20451c331e26382ee68c65396",
  "cumulative_merged_total": 12977,
  "cumulative_dropped_total": 3151,
  "n_trainable_M": 43.646976,
  "n_lora_components": 4032,
  "aborted": false
}