{
  "model_key": "qwen25-7b",
  "model_path": "/mnt/cpfs/public_data/public_model/Qwen2.5/Qwen2.5-7B-Instruct",
  "dataset": "metamathqa-10k",
  "method": "relora_baseline",
  "gate_sign": null,
  "total_steps": 3000,
  "merge_every": 500,
  "final_val_loss": 0.22885084760189056,
  "first_eval_val_loss": 0.13493365225195886,
  "best_val_loss": 0.13493365225195886,
  "best_step": 250,
  "final_mean_effective_rank": 1457.351864019855,
  "final_mean_condition_number": 51507.71023040359,
  "sampled_layers": 8,
  "elapsed_sec": 7406.141694068909,
  "wall_clock_start": 1778830239.29412,
  "wall_clock_end": 1778837690.4268854,
  "commit_hash": "a6bbaf8cf6365563f6fa2d32a19ffca6d9c5bd5d",
  "cumulative_merged_total": 9408,
  "cumulative_dropped_total": 0,
  "n_trainable_M": 40.370176,
  "n_lora_components": 3136,
  "aborted": true
}