{
  "model_key": "qwen35-0p8b",
  "model_path": "/mnt/cpfs/junlongke/onlinelora/models/qwen35-0p8b",
  "dataset": "tulu3-sft",
  "method": "lora_vanilla",
  "gate_sign": null,
  "total_steps": 3000,
  "merge_every": 9999,
  "final_val_loss": 2.212460274934769,
  "first_eval_val_loss": 1.8299149174690246,
  "best_val_loss": 1.8272698776721954,
  "best_step": 500,
  "final_mean_effective_rank": 928.4883413394018,
  "final_mean_condition_number": 28.56831093496767,
  "sampled_layers": 8,
  "elapsed_sec": 33290.322383880615,
  "wall_clock_start": 1779376392.5026,
  "wall_clock_end": 1779409720.4934368,
  "commit_hash": "04d00874380ee1a0370f524e9cd5ba1979311f27",
  "cumulative_merged_total": 0,
  "cumulative_dropped_total": 0,
  "n_trainable_M": 6.38976,
  "n_lora_components": 1536,
  "aborted": false
}