{
  "model_key": "llama3-8b",
  "model_path": "/mnt/cpfs/public_data/public_model/Meta-Llama-3-8B",
  "dataset": "tulu3-sft",
  "method": "cola",
  "gate_sign": null,
  "total_steps": 3000,
  "merge_every": 500,
  "final_val_loss": 1.9247383148670196,
  "first_eval_val_loss": 1.3656163845062257,
  "best_val_loss": 1.3600038063526154,
  "best_step": 750,
  "final_mean_effective_rank": 1626.0778227760102,
  "final_mean_condition_number": 6318330.271216593,
  "sampled_layers": 8,
  "elapsed_sec": 31136.134521007538,
  "wall_clock_start": 1779306828.0697134,
  "wall_clock_end": 1779338041.167372,
  "commit_hash": "b7d07dc9f86be02663555d135e3be0d57805dc43",
  "cumulative_merged_total": 21504,
  "cumulative_dropped_total": 0,
  "n_trainable_M": 41.94304,
  "n_lora_components": 3584,
  "aborted": false
}