{
  "model_key": "mistral-7b",
  "model_path": "/mnt/cpfs/public_data/public_model/Mistral/Mistral-7B-v0.3",
  "dataset": "metamathqa-10k",
  "method": "dora",
  "gate_sign": null,
  "total_steps": 800,
  "merge_every": 500,
  "final_val_loss": 0.22936969780921937,
  "first_eval_val_loss": 0.21416401946544647,
  "best_val_loss": 0.1987162166237831,
  "best_step": 600,
  "final_mean_effective_rank": 1447.8337203132744,
  "final_mean_condition_number": 1667444430.9442248,
  "sampled_layers": 8,
  "elapsed_sec": 32339.399876356125,
  "wall_clock_start": 1778991775.0916796,
  "wall_clock_end": 1779024212.0467765,
  "commit_hash": "528c54f3c6e188a1add113f188e43d3fbf72dbee",
  "cumulative_merged_total": 0,
  "cumulative_dropped_total": 0,
  "n_trainable_M": 43.319296,
  "n_lora_components": 3584,
  "aborted": false
}