{
  "model_key": "qwen25-7b",
  "model_path": "/mnt/cpfs/public_data/public_model/Qwen2.5/Qwen2.5-7B-Instruct",
  "dataset": "metamathqa-10k",
  "method": "relora_random_drop",
  "gate_sign": "random",
  "total_steps": 3000,
  "merge_every": 500,
  "final_val_loss": 0.20981766551733017,
  "first_eval_val_loss": 0.13506591361761094,
  "best_val_loss": 0.13506591361761094,
  "best_step": 250,
  "final_mean_effective_rank": 1457.2676278564231,
  "final_mean_condition_number": 628721.5815098903,
  "sampled_layers": 8,
  "elapsed_sec": 12364.5442340374,
  "wall_clock_start": 1778830239.5610437,
  "wall_clock_end": 1778842649.3955858,
  "commit_hash": "a6bbaf8cf6365563f6fa2d32a19ffca6d9c5bd5d",
  "cumulative_merged_total": 7827,
  "cumulative_dropped_total": 7853,
  "n_trainable_M": 40.370176,
  "n_lora_components": 3136,
  "aborted": true
}