{
  "model_key": "qwen35-9b",
  "model_path": "/mnt/cpfs/junlongke/onlinelora/models/qwen35-9b",
  "dataset": "tulu3-sft",
  "method": "relora_baseline",
  "gate_sign": null,
  "total_steps": 3000,
  "merge_every": 750,
  "final_val_loss": 1.7666478757858277,
  "first_eval_val_loss": 1.3042462153434753,
  "best_val_loss": 1.3008782238960266,
  "best_step": 500,
  "final_mean_effective_rank": 3690.8270763293654,
  "final_mean_condition_number": 36.13650087794708,
  "sampled_layers": 8,
  "elapsed_sec": 69862.61216783524,
  "wall_clock_start": 1779501645.538235,
  "wall_clock_end": 1779571636.9585826,
  "commit_hash": "b8da94cab8f8b05cfc6379ef37ea4a0fc754a0c2",
  "cumulative_merged_total": 8192,
  "cumulative_dropped_total": 0,
  "n_trainable_M": 29.097984,
  "n_lora_components": 2048,
  "aborted": false
}