{
  "model_key": "qwen3-8b",
  "model_path": "/mnt/cpfs/public_data/public_model/Qwen3/Qwen3-8B",
  "dataset": "tulu3-sft",
  "method": "relora_diag_gated_S3pos",
  "gate_sign": "S3pos_drops",
  "total_steps": 3000,
  "merge_every": 750,
  "final_val_loss": 1.3476916712522506,
  "first_eval_val_loss": 1.31258402633667,
  "best_val_loss": 1.31258402633667,
  "best_step": 250,
  "final_mean_effective_rank": 1926.709259717338,
  "final_mean_condition_number": 322724.53793583263,
  "sampled_layers": 8,
  "elapsed_sec": 34465.28736948967,
  "wall_clock_start": 1779869627.6335077,
  "wall_clock_end": 1779904174.5226471,
  "commit_hash": "f960448f356f11b79865bf3e846627b1efdc3752",
  "cumulative_merged_total": 7374,
  "cumulative_dropped_total": 8754,
  "n_trainable_M": 43.646976,
  "n_lora_components": 4032,
  "aborted": false
}