{
  "model_key": "qwen3-8b",
  "model_path": "/mnt/cpfs/public_data/public_model/Qwen3/Qwen3-8B",
  "dataset": "metamathqa-10k",
  "method": "relora_random_drop",
  "gate_sign": "random",
  "total_steps": 3000,
  "merge_every": 500,
  "final_val_loss": 0.23701458966732025,
  "first_eval_val_loss": 0.15585768914222717,
  "best_val_loss": 0.15495594257116319,
  "best_step": 750,
  "final_mean_effective_rank": 1926.738388809901,
  "final_mean_condition_number": 527868.5617437976,
  "sampled_layers": 8,
  "elapsed_sec": 17497.021238565445,
  "wall_clock_start": 1778935615.5872526,
  "wall_clock_end": 1778953169.1800044,
  "commit_hash": "528c54f3c6e188a1add113f188e43d3fbf72dbee",
  "cumulative_merged_total": 12078,
  "cumulative_dropped_total": 12114,
  "n_trainable_M": 43.646976,
  "n_lora_components": 4032,
  "aborted": true
}