{
  "model_key": "qwen3-8b",
  "model_path": "/mnt/cpfs/public_data/public_model/Qwen3/Qwen3-8B",
  "dataset": "tulu3-sft",
  "method": "relora_diag_gated_S3pos",
  "gate_sign": "S3pos_drops",
  "total_steps": 3000,
  "merge_every": 750,
  "final_val_loss": 1.3337937716245651,
  "first_eval_val_loss": 1.3159099770784377,
  "best_val_loss": 1.313170984864235,
  "best_step": 500,
  "final_mean_effective_rank": 1926.724509182322,
  "final_mean_condition_number": 148239.1986841985,
  "sampled_layers": 8,
  "elapsed_sec": 34436.96687912941,
  "wall_clock_start": 1779801084.1804328,
  "wall_clock_end": 1779835600.7113638,
  "commit_hash": "bf5d4526d907c08fbddbabe0b412d0485c498680",
  "cumulative_merged_total": 6289,
  "cumulative_dropped_total": 9839,
  "n_trainable_M": 43.646976,
  "n_lora_components": 4032,
  "aborted": false
}