{
  "S1_mag_rho_vs_delta": 0.15440448417112013,
  "S1_mag_rho_vs_abs_delta": 0.012651574749749072,
  "S2_fo_tr_rho_vs_delta": 0.28410092775954215,
  "S2_fo_tr_rho_vs_abs_delta": 0.4300501180045032,
  "S3_fo_val_rho_vs_delta": 0.347443574858259,
  "S3_fo_val_rho_vs_abs_delta": 0.43942435504435345,
  "S4_fisher_tr_rho_vs_delta": 0.3817886498657191,
  "S4_fisher_tr_rho_vs_abs_delta": 0.6203985025635462,
  "S5_fisher_val_rho_vs_delta": 0.30211017822749103,
  "S5_fisher_val_rho_vs_abs_delta": 0.6062481349863006,
  "S5_fisher_val_kfold_rho_vs_delta": 0.2680770691479261,
  "S5_fisher_val_kfold_rho_vs_abs_delta": 0.5937338930635054
}