{
  "model_key": "gemma3-12b",
  "model_path": "/mnt/cpfs/junlongke/onlinelora/models/gemma-3-12b-it",
  "dataset": "metamathqa-10k",
  "method": "lora_vanilla",
  "gate_sign": null,
  "total_steps": 3000,
  "merge_every": 9999,
  "final_val_loss": 0.5611165957450867,
  "first_eval_val_loss": 0.17174239188432694,
  "best_val_loss": 0.17105867314338685,
  "best_step": 500,
  "final_mean_effective_rank": 1514.7386541701435,
  "final_mean_condition_number": 1007797.4312993913,
  "sampled_layers": 8,
  "elapsed_sec": 29291.69788789749,
  "wall_clock_start": 1779325686.9757557,
  "wall_clock_end": 1779355057.627123,
  "commit_hash": "b7d07dc9f86be02663555d135e3be0d57805dc43",
  "cumulative_merged_total": 0,
  "cumulative_dropped_total": 0,
  "n_trainable_M": 68.456448,
  "n_lora_components": 6672,
  "aborted": false
}