{
  "model_key": "llama3-8b",
  "model_path": "/mnt/cpfs/public_data/public_model/Meta-Llama-3-8B",
  "dataset": "metamathqa-10k",
  "method": "relora_diag_gated_S3pos",
  "gate_sign": "S3pos_drops",
  "total_steps": 3000,
  "merge_every": 500,
  "final_val_loss": 0.22050562942028046,
  "first_eval_val_loss": 0.22711402159929275,
  "best_val_loss": 0.22058820122480394,
  "best_step": 500,
  "final_mean_effective_rank": 1623.554254043083,
  "final_mean_condition_number": 10221539.021641815,
  "sampled_layers": 8,
  "elapsed_sec": 15042.024567365646,
  "wall_clock_start": 1779277898.5256908,
  "wall_clock_end": 1779292995.4703743,
  "commit_hash": "b7d07dc9f86be02663555d135e3be0d57805dc43",
  "cumulative_merged_total": 5962,
  "cumulative_dropped_total": 15542,
  "n_trainable_M": 41.94304,
  "n_lora_components": 3584,
  "aborted": false
}