{
  "model_key": "qwen3-8b",
  "model_path": "/mnt/cpfs/public_data/public_model/Qwen3/Qwen3-8B",
  "dataset": "metamathqa-10k",
  "method": "dora",
  "gate_sign": null,
  "total_steps": 800,
  "merge_every": 500,
  "final_val_loss": 0.15805003243684768,
  "first_eval_val_loss": 0.15715796279907226,
  "best_val_loss": 0.1518408550620079,
  "best_step": 600,
  "final_mean_effective_rank": 1926.5690151498366,
  "final_mean_condition_number": 215964.45914329492,
  "sampled_layers": 8,
  "elapsed_sec": 31306.143761873245,
  "wall_clock_start": 1778948995.7609732,
  "wall_clock_end": 1778980400.363469,
  "commit_hash": "528c54f3c6e188a1add113f188e43d3fbf72dbee",
  "cumulative_merged_total": 0,
  "cumulative_dropped_total": 0,
  "n_trainable_M": 45.047808,
  "n_lora_components": 4032,
  "aborted": false
}