{
  "S3_fo_val_signed_neg_auc_harmful": 0.5865928975810604,
  "n_harmful": 134,
  "n_total": 192,
  "harmful_rate": 0.6979166666666666,
  "baseline_test_loss": 0.20240446733772208,
  "baseline_test_acc": 0.9311926605504587
}