{
  "S1_mag_rho_vs_delta": -0.033329490274801296,
  "S1_mag_rho_vs_abs_delta": 0.11056479396685025,
  "S2_fo_tr_rho_vs_delta": -0.3877092206277297,
  "S2_fo_tr_rho_vs_abs_delta": 0.4475473374386241,
  "S3_fo_val_rho_vs_delta": -0.2842992973984755,
  "S3_fo_val_rho_vs_abs_delta": 0.41497572091256824,
  "S4_fisher_tr_rho_vs_delta": -0.46753180696090935,
  "S4_fisher_tr_rho_vs_abs_delta": 0.572562596641619,
  "S5_fisher_val_rho_vs_delta": -0.48643287307055855,
  "S5_fisher_val_rho_vs_abs_delta": 0.573523926430296
}