{
  "model_key": "mistral-7b",
  "model_path": "/mnt/cpfs/public_data/public_model/Mistral/Mistral-7B-v0.3",
  "dataset": "metamathqa-10k",
  "method": "relora_diag_gated_S3pos",
  "gate_sign": "S3pos_drops",
  "total_steps": 3000,
  "merge_every": 500,
  "final_val_loss": 0.19527895498275757,
  "first_eval_val_loss": 0.21372516906261443,
  "best_val_loss": 0.19527895498275757,
  "best_step": 3000,
  "final_mean_effective_rank": 1449.7221169279474,
  "final_mean_condition_number": 32940332.681103207,
  "sampled_layers": 8,
  "elapsed_sec": 16594.059554815292,
  "wall_clock_start": 1778830357.1595848,
  "wall_clock_end": 1778847008.1444623,
  "commit_hash": "a6bbaf8cf6365563f6fa2d32a19ffca6d9c5bd5d",
  "cumulative_merged_total": 6878,
  "cumulative_dropped_total": 14626,
  "n_trainable_M": 41.94304,
  "n_lora_components": 3584,
  "aborted": false
}