{
  "model_key": "qwen3-8b",
  "model_path": "/mnt/cpfs/public_data/public_model/Qwen3/Qwen3-8B",
  "dataset": "tulu3-sft",
  "method": "relora_baseline",
  "gate_sign": null,
  "total_steps": 3000,
  "merge_every": 500,
  "final_val_loss": 1.614923229455948,
  "first_eval_val_loss": 1.314202728509903,
  "best_val_loss": 1.3124709882736205,
  "best_step": 500,
  "final_mean_effective_rank": 1926.8962905523358,
  "final_mean_condition_number": 377276.3122495827,
  "sampled_layers": 8,
  "elapsed_sec": 34329.75089597702,
  "wall_clock_start": 1778752025.9850104,
  "wall_clock_end": 1778786435.4733622,
  "commit_hash": "36da8a73e411f1f92be979fffa83f73277c6edcb",
  "cumulative_merged_total": 24192,
  "cumulative_dropped_total": 0,
  "n_trainable_M": 43.646976,
  "n_lora_components": 4032,
  "aborted": false
}