{
  "model_key": "qwen25-7b",
  "model_path": "/mnt/cpfs/public_data/public_model/Qwen2.5/Qwen2.5-7B-Instruct",
  "dataset": "metamathqa-10k",
  "method": "relora_diag_gated_S3pos",
  "gate_sign": "S3pos_drops",
  "total_steps": 3000,
  "merge_every": 500,
  "final_val_loss": 0.13744313061237334,
  "first_eval_val_loss": 0.1350374538898468,
  "best_val_loss": 0.1350374538898468,
  "best_step": 250,
  "final_mean_effective_rank": 1457.219744395628,
  "final_mean_condition_number": 101931.2996979928,
  "sampled_layers": 8,
  "elapsed_sec": 14763.83791589737,
  "wall_clock_start": 1778830239.5656607,
  "wall_clock_end": 1778845048.4934905,
  "commit_hash": "a6bbaf8cf6365563f6fa2d32a19ffca6d9c5bd5d",
  "cumulative_merged_total": 5614,
  "cumulative_dropped_total": 13202,
  "n_trainable_M": 40.370176,
  "n_lora_components": 3136,
  "aborted": false
}