{
  "model_key": "qwen35-9b",
  "model_path": "/mnt/cpfs/junlongke/onlinelora/models/qwen35-9b",
  "dataset": "tulu3-sft",
  "method": "dora",
  "gate_sign": null,
  "total_steps": 800,
  "merge_every": 9999,
  "final_val_loss": 1.3034107686281204,
  "first_eval_val_loss": 1.3041864660978317,
  "best_val_loss": 1.297573813676834,
  "best_step": 500,
  "final_mean_effective_rank": 3691.1683520737306,
  "final_mean_condition_number": 37.31533652714912,
  "sampled_layers": 8,
  "elapsed_sec": 54956.11424064636,
  "wall_clock_start": 1779503520.0309274,
  "wall_clock_end": 1779558637.193743,
  "commit_hash": "b8da94cab8f8b05cfc6379ef37ea4a0fc754a0c2",
  "cumulative_merged_total": 0,
  "cumulative_dropped_total": 0,
  "n_trainable_M": 30.130176,
  "n_lora_components": 2048,
  "aborted": false
}