{
  "model_key": "qwen3-4b",
  "model_path": "/mnt/cpfs/junlongke/onlinelora/models/qwen3-4b",
  "dataset": "tulu3-sft",
  "method": "dora",
  "gate_sign": null,
  "total_steps": 800,
  "merge_every": 9999,
  "final_val_loss": 1.3773409744501115,
  "first_eval_val_loss": 1.383517673254013,
  "best_val_loss": 1.3747683275938034,
  "best_step": 500,
  "final_mean_effective_rank": 1504.0687347574194,
  "final_mean_condition_number": 54.46636757449549,
  "sampled_layers": 8,
  "elapsed_sec": 32975.18197607994,
  "wall_clock_start": 1779493302.3298366,
  "wall_clock_end": 1779526354.6399627,
  "commit_hash": "b8da94cab8f8b05cfc6379ef37ea4a0fc754a0c2",
  "cumulative_merged_total": 0,
  "cumulative_dropped_total": 0,
  "n_trainable_M": 34.136064,
  "n_lora_components": 4032,
  "aborted": false
}