{
  "model_key": "olmo2-7b",
  "model_path": "/mnt/cpfs/junlongke/onlinelora/models/OLMo-2-7B",
  "dataset": "tulu3-sft",
  "method": "relora_diag_gated_S3pos",
  "gate_sign": "S3pos_drops",
  "total_steps": 3000,
  "merge_every": 500,
  "final_val_loss": 0.8559102633595467,
  "first_eval_val_loss": 0.8497060550749302,
  "best_val_loss": 0.8497060550749302,
  "best_step": 250,
  "final_mean_effective_rank": 2337.518765662834,
  "final_mean_condition_number": 69358511.70703873,
  "sampled_layers": 8,
  "elapsed_sec": 33314.76689743996,
  "wall_clock_start": 1779141738.5264409,
  "wall_clock_end": 1779175168.735266,
  "commit_hash": "509fa1d3e85b6c67982439b460c06679a2e9ac55",
  "cumulative_merged_total": 7221,
  "cumulative_dropped_total": 14283,
  "n_trainable_M": 39.97696,
  "n_lora_components": 3584,
  "aborted": false
}