{
  "model_key": "qwen35-0p8b",
  "model_path": "/mnt/cpfs/junlongke/onlinelora/models/qwen35-0p8b",
  "dataset": "tulu3-sft",
  "method": "cola",
  "gate_sign": null,
  "total_steps": 3000,
  "merge_every": 750,
  "final_val_loss": 2.3101063497066496,
  "first_eval_val_loss": 1.8294002010822297,
  "best_val_loss": 1.8274103282690048,
  "best_step": 500,
  "final_mean_effective_rank": 929.7236753439772,
  "final_mean_condition_number": 27.275219771140247,
  "sampled_layers": 8,
  "elapsed_sec": 33923.03221106529,
  "wall_clock_start": 1779387423.1055226,
  "wall_clock_end": 1779421378.082499,
  "commit_hash": "04d00874380ee1a0370f524e9cd5ba1979311f27",
  "cumulative_merged_total": 6144,
  "cumulative_dropped_total": 0,
  "n_trainable_M": 6.38976,
  "n_lora_components": 1536,
  "aborted": false
}