{
  "model_key": "mistral-7b",
  "model_path": "/mnt/cpfs/public_data/public_model/Mistral/Mistral-7B-v0.3",
  "dataset": "metamathqa-10k",
  "method": "relora_train_gated",
  "gate_sign": "S2train_pos_drops",
  "total_steps": 3000,
  "merge_every": 500,
  "final_val_loss": 0.29822675955295563,
  "first_eval_val_loss": 0.21521798712015153,
  "best_val_loss": 0.21218664574623108,
  "best_step": 500,
  "final_mean_effective_rank": 1449.7903111551464,
  "final_mean_condition_number": 11234820.96738621,
  "sampled_layers": 8,
  "elapsed_sec": 16611.668164014816,
  "wall_clock_start": 1778991762.679064,
  "wall_clock_end": 1779008432.3138576,
  "commit_hash": "528c54f3c6e188a1add113f188e43d3fbf72dbee",
  "cumulative_merged_total": 8783,
  "cumulative_dropped_total": 12721,
  "n_trainable_M": 41.94304,
  "n_lora_components": 3584,
  "aborted": false
}