{
  "model_key": "qwen35-4b",
  "model_path": "/mnt/cpfs/junlongke/onlinelora/models/qwen35-4b",
  "dataset": "tulu3-sft",
  "method": "relora_baseline",
  "gate_sign": null,
  "total_steps": 3000,
  "merge_every": 750,
  "final_val_loss": 1.9428744716644286,
  "first_eval_val_loss": 1.3974173703193664,
  "best_val_loss": 1.3957263231277466,
  "best_step": 500,
  "final_mean_effective_rank": 2357.308893903424,
  "final_mean_condition_number": 30.032146096383887,
  "sampled_layers": 8,
  "elapsed_sec": 65596.91626501083,
  "wall_clock_start": 1779426375.5498006,
  "wall_clock_end": 1779492051.2875564,
  "commit_hash": "04d00874380ee1a0370f524e9cd5ba1979311f27",
  "cumulative_merged_total": 8192,
  "cumulative_dropped_total": 0,
  "n_trainable_M": 21.233664,
  "n_lora_components": 2048,
  "aborted": false
}