{
  "model_key": "acereason-7b",
  "model_path": "/mnt/cpfs/junlongke/onlinelora/models/AceReason-Nemotron-7B",
  "dataset": "metamathqa-10k",
  "method": "relora_diag_gated_S3pos",
  "gate_sign": "S3pos_drops",
  "total_steps": 3000,
  "merge_every": 500,
  "final_val_loss": 0.17653008216619492,
  "first_eval_val_loss": 0.17291208225488663,
  "best_val_loss": 0.16774640142917632,
  "best_step": 500,
  "final_mean_effective_rank": 1465.104598826611,
  "final_mean_condition_number": 90185.3028312641,
  "sampled_layers": 8,
  "elapsed_sec": 14799.131392717361,
  "wall_clock_start": 1779163896.462479,
  "wall_clock_end": 1779178741.3102157,
  "commit_hash": "509fa1d3e85b6c67982439b460c06679a2e9ac55",
  "cumulative_merged_total": 5414,
  "cumulative_dropped_total": 13402,
  "n_trainable_M": 40.370176,
  "n_lora_components": 3136,
  "aborted": false
}