{
  "task": "sst2",
  "elapsed_sec": 1779.5436940193176,
  "checkpoints": [
    {
      "step": 1000,
      "S1_mag_rho_vs_delta": 0.15440448417112013,
      "S1_mag_rho_vs_abs_delta": 0.012651574749749072,
      "S2_fo_tr_rho_vs_delta": 0.28410092775954215,
      "S2_fo_tr_rho_vs_abs_delta": 0.4300501180045032,
      "S3_fo_val_rho_vs_delta": 0.347443574858259,
      "S3_fo_val_rho_vs_abs_delta": 0.43942435504435345,
      "S4_fisher_tr_rho_vs_delta": 0.3848743998046822,
      "S4_fisher_tr_rho_vs_abs_delta": 0.5975130890052356,
      "S5_fisher_val_rho_vs_delta": 0.30076058649594445,
      "S5_fisher_val_rho_vs_abs_delta": 0.5786764506415648,
      "S3_fo_val_signed_neg_auc_harmful": 0.2502525252525253,
      "n_harmful": 60,
      "n_total": 192,
      "harmful_rate": 0.3125,
      "baseline_test_loss": 0.19881970729302922,
      "baseline_test_acc": 0.9277522935779816
    },
    {
      "step": 2000,
      "S1_mag_rho_vs_delta": 0.0001458101619510078,
      "S1_mag_rho_vs_abs_delta": 0.14772603966036407,
      "S2_fo_tr_rho_vs_delta": -0.288678688658004,
      "S2_fo_tr_rho_vs_abs_delta": 0.332771003445189,
      "S3_fo_val_rho_vs_delta": -0.21205375308574995,
      "S3_fo_val_rho_vs_abs_delta": 0.4036873016303611,
      "S4_fisher_tr_rho_vs_delta": -0.45560758755391595,
      "S4_fisher_tr_rho_vs_abs_delta": 0.6153917885142284,
      "S5_fisher_val_rho_vs_delta": -0.40155440414507776,
      "S5_fisher_val_rho_vs_abs_delta": 0.5705619455822912,
      "S3_fo_val_signed_neg_auc_harmful": 0.7714626865671642,
      "n_harmful": 125,
      "n_total": 192,
      "harmful_rate": 0.6510416666666666,
      "baseline_test_loss": 0.20072085239471646,
      "baseline_test_acc": 0.9311926605504587
    },
    {
      "step": 3000,
      "S1_mag_rho_vs_delta": -0.07350697176030166,
      "S1_mag_rho_vs_abs_delta": 0.14548802322111606,
      "S2_fo_tr_rho_vs_delta": -0.26619849171255733,
      "S2_fo_tr_rho_vs_abs_delta": 0.29931774407942924,
      "S3_fo_val_rho_vs_delta": -0.2459681794753547,
      "S3_fo_val_rho_vs_abs_delta": 0.3494289667145919,
      "S4_fisher_tr_rho_vs_delta": -0.46202153921276085,
      "S4_fisher_tr_rho_vs_abs_delta": 0.6446148577164095,
      "S5_fisher_val_rho_vs_delta": -0.48240952988091046,
      "S5_fisher_val_rho_vs_abs_delta": 0.6193184900849091,
      "S3_fo_val_signed_neg_auc_harmful": 0.5900429414922168,
      "n_harmful": 138,
      "n_total": 192,
      "harmful_rate": 0.71875,
      "baseline_test_loss": 0.19663522549725454,
      "baseline_test_acc": 0.9311926605504587
    },
    {
      "step": 4000,
      "S1_mag_rho_vs_delta": -0.016532498711445083,
      "S1_mag_rho_vs_abs_delta": 0.07167078099991864,
      "S2_fo_tr_rho_vs_delta": -0.1682021946124841,
      "S2_fo_tr_rho_vs_abs_delta": 0.4825265171038712,
      "S3_fo_val_rho_vs_delta": -0.11704995523967122,
      "S3_fo_val_rho_vs_abs_delta": 0.4220203862952012,
      "S4_fisher_tr_rho_vs_delta": -0.30529765618642,
      "S4_fisher_tr_rho_vs_abs_delta": 0.6526768032987007,
      "S5_fisher_val_rho_vs_delta": -0.2633857119605024,
      "S5_fisher_val_rho_vs_abs_delta": 0.6076960638038142,
      "S3_fo_val_signed_neg_auc_harmful": 0.6686432637571157,
      "n_harmful": 124,
      "n_total": 192,
      "harmful_rate": 0.6458333333333334,
      "baseline_test_loss": 0.19874695763675446,
      "baseline_test_acc": 0.9323394495412844
    },
    {
      "step": 5000,
      "S1_mag_rho_vs_delta": -0.033329490274801296,
      "S1_mag_rho_vs_abs_delta": 0.11056479396685025,
      "S2_fo_tr_rho_vs_delta": -0.3877092206277297,
      "S2_fo_tr_rho_vs_abs_delta": 0.4475473374386241,
      "S3_fo_val_rho_vs_delta": -0.2842992973984755,
      "S3_fo_val_rho_vs_abs_delta": 0.41497572091256824,
      "S4_fisher_tr_rho_vs_delta": -0.46753180696090935,
      "S4_fisher_tr_rho_vs_abs_delta": 0.572562596641619,
      "S5_fisher_val_rho_vs_delta": -0.48643287307055855,
      "S5_fisher_val_rho_vs_abs_delta": 0.573523926430296,
      "S3_fo_val_signed_neg_auc_harmful": 0.5865928975810604,
      "n_harmful": 134,
      "n_total": 192,
      "harmful_rate": 0.6979166666666666,
      "baseline_test_loss": 0.20240446733772208,
      "baseline_test_acc": 0.9311926605504587
    }
  ],
  "n_components": 192,
  "n_lora_layers": 24
}